"py/object","match_id","timestamp","score1","score2","players2__001","players2__002","players1__001","players1__002"
"core.FoosballMatch","a08e49ba","2016-12-06T13:09:43.347128","9","10","U0HTR4KRT","U0HTVTLBS","U0HTVEJKC","U0HTJ2DK6"
"core.FoosballMatch","39001e28","2016-12-16T15:41:36.798277","10","7","U0KA76231","U0HTQ6XQQ","U0J8ETRH7","U0JBNHJ3X"
"core.FoosballMatch","f22b7b89","2016-09-23T16:13:48.369019","4","10","U0HTQ6XQQ","U0J0XLJUD","U0HTJ2DK6","U0HTVEJKC"
"core.FoosballMatch","774f29ca","2016-09-07T13:53:34.682270","3","10","U0HTPM4P8","U0J8ETRH7","U1CUW4Z7S","U17V6C5K6"
"core.FoosballMatch","f0d18593","2016-09-23T12:54:22.606962","10","5","U0HTVEJKC","U0HTQ6XQQ","U0J13UGAF","U0JBNHJ3X"
"core.FoosballMatch","349b8a45","2016-09-28T15:41:25.156067","8","10","U0KA76231","U0HTQ6XQQ","U0HTSHTR9","U0HTVTLBS"
"core.FoosballMatch","560c9f0a","2016-08-17T13:06:24.049694","8","10","U0HTVTLBS","U0JBNHJ3X","U0HTJ2DK6","U0J8ETRH7"
"core.FoosballMatch","51e9ea78","2016-10-25T14:26:26.545013","10","7","U0J13UGAF","U0KA76231","U0JBNHJ3X","U0HTR4KRT"
"core.FoosballMatch","78caa399","2016-08-15T15:46:02.255249","10","9","U0HTRQ5HQ","U07V0F5AS","U0J8ETRH7","U0JBNHJ3X"
"core.FoosballMatch","056d6d48","2016-12-15T17:49:44.274155","10","9","U0HTQJMHN","U0HTPM4P8","U0HTQ6XQQ","U0HTVEJKC"
"core.FoosballMatch","d2b24cac","2016-10-19T13:59:53.296841","9","10","U17V6C5K6","U0J8ETRH7","U0KA76231","U1CUW4Z7S"
"core.FoosballMatch","4a2cebb4","2016-07-19T14:35:54.718312","10","5","U0J13UGAF","U0JBNHJ3X","U0J8ETRH7","U0HTPM4P8"
"core.FoosballMatch","8020be92","2016-12-01T12:55:42.526097","10","5","U0HTVEJKC","U0J0XLJUD","U0KCZ16LT","U0HTPUK8R"
"core.FoosballMatch","4dbdd201","2016-09-13T12:42:17.887775","9","10","U0JBNHJ3X","U0HTJ2DK6","U0J8ETRH7","U0HTVTLBS"
"core.FoosballMatch","eef43d2c","2016-07-29T10:46:55.724899","10","8","U0J0XLJUD","U0J8ETRH7","U0HTVTLBS","U0HTVEJKC"
"core.FoosballMatch","023eba43","2016-12-15T14:59:44.799181","8","10","U0KA76231","U0HTRQ5HQ","U0HTPS3JS","U0JBNHJ3X"
"core.FoosballMatch","0d2a8b6b","2016-08-22T12:07:30.880382","6","10","U0J0XLJUD","U0HTPS3JS","U0HTPM4P8","U0HTQ6XQQ"
"core.FoosballMatch","8f2d131e","2016-10-26T15:08:33.817466","10","8","U0KCZ16LT","U0HTVTLBS","U0HTRQ5HQ","U0JBNHJ3X"
"core.FoosballMatch","897df58c","2016-08-18T14:38:15.014492","10","9","U21CBD6KX","U0JBNHJ3X","U16DF5LQH","U0J8ETRH7"
"core.FoosballMatch","aa4a4470","2016-08-26T15:07:09.190419","7","10","U1CUW4Z7S","U0HTRQ5HQ","U0JBNHJ3X","U0J8ETRH7"
"core.FoosballMatch","3d762df0","2016-07-12T17:03:42.239006","10","6","U0HTSHTR9","U0JBNHJ3X","U0W5T83EK","U0J8ETRH7"
"core.FoosballMatch","bb7f5668","2016-10-07T13:24:26.219921","10","7","U1CUW4Z7S","U0JBNHJ3X","U0KA76231","U0J8ETRH7"
"core.FoosballMatch","76887285","2016-08-31T17:11:15.967639","10","7","U0HTPM4P8","U0HTQ6XQQ","U0HTQJMHN","U0HTVTLBS"
"core.FoosballMatch","782122a5","2016-12-22T17:33:56.653523","10","4","U0JBNHJ3X","U0HTVEJKC","U0J8ETRH7","U0KCZ16LT"
"core.FoosballMatch","72e2822e","2016-07-26T14:18:24.514599","3","10","U17V6C5K6","U0J8ETRH7","U0JBNHJ3X","U0KCZ16LT"
"core.FoosballMatch","454d3e09","2016-11-10T17:54:19.471544","10","8","U0J8ETRH7","U0KCZ16LT","U1CUW4Z7S","U0JBNHJ3X"
"core.FoosballMatch","3a40996a","2016-12-16T12:36:50.588823","7","10","U0JBNHJ3X","U0J8ETRH7","U0HTPS3JS","U0HTVEJKC"
"core.FoosballMatch","1e064ac9","2016-12-21T11:55:50.577106","9","10","U0HTR4KRT","U0HTPM4P8","U0HTSHTR9","U0HTVTLBS"
"core.FoosballMatch","d6a941f0","2016-08-02T13:14:13.540251","8","10","U0J0XLJUD","U0W5T83EK","U17V6C5K6","U0JBNHJ3X"
"core.FoosballMatch","9a04fb7d","2016-09-09T15:21:55.137532","5","10","U1CUW4Z7S","U0KA76231","U0J8ETRH7","U0J13UGAF"
"core.FoosballMatch","f202b702","2016-08-08T16:16:27.743955","2","10","U0JBNHJ3X","U0HTVEJKC","U0HTSHTR9","U0HTJ2DK6"
"core.FoosballMatch","e159fe31","2016-08-05T17:34:36.835667","10","1","U0W5T83EK","U17V6C5K6","U0HTPM4P8","U0J0XLJUD"
"core.FoosballMatch","32407013","2016-12-01T12:08:13.477398","10","8","U0HTVTLBS","U0HTSHTR9","U0HTPS3JS","U0HTJ2DK6"
"core.FoosballMatch","2cf1ff5e","2016-07-28T15:05:51.991850","7","10","U0HTVTLBS","U0JNVCVRT","U0HTPM4P8","U0HTRQ5HQ"
"core.FoosballMatch","4606a6cc","2016-12-12T13:19:45.770085","10","9","U0KA76231","U0HTPM4P8","U0HTQJMHN","U0JBNHJ3X"
"core.FoosballMatch","c8cf76cd","2016-10-10T16:51:12.832858","10","8","U0HTPM4P8","U0J0XLJUD","U0HTVTLBS","U0HTQJMHN"
"core.FoosballMatch","e1dd9d80","2016-10-27T11:28:11.408972","10","6","U0HTVTLBS","U0HTR4KRT","U0HTSHTR9","U0J0XLJUD"
"core.FoosballMatch","e7e77a9a","2016-09-19T15:50:25.800045","5","10","U0HTQ6XQQ","U0HTVTLBS","U0HTVEJKC","U0HTSHTR9"
"core.FoosballMatch","8c93928f","2016-10-07T14:43:00.347595","10","8","U1CUW4Z7S","U0HTVTLBS","U0KA76231","U0J13UGAF"
"core.FoosballMatch","6a24eed8","2016-11-16T13:55:05.376457","4","10","U0JBNHJ3X","U0J8ETRH7","U0HTVEJKC","U0HTSHTR9"
"core.FoosballMatch","1ce225d6","2016-11-01T16:50:32.238023","10","7","U0KA76231","U0J8ETRH7","U1CUW4Z7S","U0JBNHJ3X"
"core.FoosballMatch","7511cc49","2016-10-28T14:18:08.475137","9","10","U0KCZ16LT","U0HTVEJKC","U0HTVTLBS","U0KA76231"
"core.FoosballMatch","c8849654","2016-07-15T16:08:38.865667","6","10","U17V6C5K6","U0JBNHJ3X","U0HTVTLBS","U0HTPM4P8"
"core.FoosballMatch","b95cf08e","2016-12-09T17:45:23.294093","10","5","U0HTVTLBS","U0HTPS3JS","U0HTPM4P8","U0KCZ16LT"
"core.FoosballMatch","4fbbcf35","2016-09-23T18:35:12.426361","10","3","U17V6C5K6","U0HTQ6XQQ","U0JBNHJ3X","U0W5T83EK"
"core.FoosballMatch","2760d74b","2016-12-09T14:08:32.994898","7","10","U0HTVEJKC","U0J8ETRH7","U0HTPM4P8","U0HTPS3JS"
"core.FoosballMatch","fffa0bdf","2016-07-20T14:08:02.574919","5","10","U0JBNHJ3X","U0HTRQ5HQ","U0KCZ16LT","U0J8ETRH7"
"core.FoosballMatch","1f236b80","2016-07-12T17:02:57.415715","10","9","U0J0XLJUD","U0JBNHJ3X","U0HTPS3JS","U0HTVEJKC"
"core.FoosballMatch","19792dd3","2016-08-23T16:20:05.425635","10","6","U0HTPS3JS","U0JBNHJ3X","U0HTPM4P8","U0J0XLJUD"
"core.FoosballMatch","cc441871","2016-12-12T17:53:59.938896","10","4","U0JBNHJ3X","U0J0XLJUD","U0HTQ6XQQ","U0KA76231"
"core.FoosballMatch","b2b6afe7","2016-08-05T14:25:43.583369","7","10","U0HTQJMHN","U0HTPM4P8","U0HTSHTR9","U0J0XLJUD"
"core.FoosballMatch","e2813c62","2016-10-05T14:44:10.699176","7","10","U1CUW4Z7S","U0JBNHJ3X","U0HTPM4P8","U0J8ETRH7"
"core.FoosballMatch","6a02a621","2016-07-29T12:47:33.337995","10","7","U0HTVTLBS","U1CUW4Z7S","U0JBNHJ3X","U0HTSHTR9"
"core.FoosballMatch","35f1a468","2016-11-07T18:09:14.437211","10","8","U0KA76231","U0HTPM4P8","U0J8ETRH7","U0JBNHJ3X"
"core.FoosballMatch","abf87ed4","2016-09-12T15:35:31.698234","10","1","U0HTVTLBS","U0J8ETRH7","U0KA76231","U1CUW4Z7S"
"core.FoosballMatch","5eed823d","2016-12-15T16:54:13.621879","7","10","U0KA76231","U0KCZ16LT","U0HTRQ5HQ","U0JBNHJ3X"
"core.FoosballMatch","7ccdfe2e","2016-09-13T11:33:05.747451","7","10","U0HTRQ5HQ","U0J8ETRH7","U0KA76231","U1CUW4Z7S"
"core.FoosballMatch","253e377b","2016-12-16T15:43:41.797493","10","5","U0KA76231","U0HTQ6XQQ","U0J8ETRH7","U0JBNHJ3X"
"core.FoosballMatch","e275f3e5","2016-10-04T17:06:14.981420","4","10","U0HTQJMHN","U0HTVTLBS","U0J0XLJUD","U0HTQ6XQQ"
"core.FoosballMatch","ef4e5cc9","2016-12-21T18:35:12.640660","10","8","U0HTPS3JS","U0HTQJMHN","U0HTPM4P8","U0HTVTLBS"
"core.FoosballMatch","aafc53c7","2016-07-13T12:31:24.837709","10","4","U0HTVTLBS","U0JBNHJ3X","U0J8ETRH7","U0HTPS3JS"
"core.FoosballMatch","e49ffce6","2016-12-23T12:35:15.833980","10","9","U0JBNHJ3X","U1CUW4Z7S","U0HTPS3JS","U0HTVTLBS"
"core.FoosballMatch","fc5a8331","2016-11-08T15:50:17.003585","9","10","U0KA76231","U0HTJ2DK6","U0HTPM4P8","U0KCZ16LT"
"core.FoosballMatch","50dfe996","2016-11-14T13:56:09.601910","10","8","U1CUW4Z7S","U0KA76231","U0J8ETRH7","U0JBNHJ3X"
"core.FoosballMatch","02639408","2016-10-17T15:08:03.291840","8","10","U0KCZ16LT","U0JBNHJ3X","U1CUW4Z7S","U0J8ETRH7"
"core.FoosballMatch","a65ae12e","2016-12-16T14:27:52.884167","9","10","U0HTPS3JS","U0J0XLJUD","U0HTPM4P8","U0HTVEJKC"
"core.FoosballMatch","677d81b6","2016-12-22T16:19:36.896784","10","9","U0HTRQ5HQ","U0JBNHJ3X","U0HTVTLBS","U0HTVEJKC"
"core.FoosballMatch","5ae9177a","2016-12-20T16:06:40.591981","9","10","U0HTQJMHN","U0HTPS3JS","U0HTSHTR9","U0HTPM4P8"
"core.FoosballMatch","77c1af9c","2016-12-21T15:44:00.685589","10","5","U0HTPS3JS","U0HTVTLBS","U0HTPM4P8","U0HTR4KRT"
"core.FoosballMatch","557a3fde","2016-10-17T11:19:34.539215","10","4","U0HTVTLBS","U0HTJ2DK6","U0HTPM4P8","U0JBNHJ3X"
"core.FoosballMatch","21ddd67e","2016-09-27T11:03:11.319214","6","10","U0J8ETRH7","U0JBNHJ3X","U0J13UGAF","U0J0XLJUD"
"core.FoosballMatch","a40373f8","2016-12-09T18:57:13.904158","7","10","U0KA76231","U0HTPM4P8","U0HTVTLBS","U0HTQJMHN"
"core.FoosballMatch","2f73b6e7","2016-11-07T18:09:18.158888","10","6","U0KA76231","U0HTPM4P8","U0J8ETRH7","U0JBNHJ3X"
"core.FoosballMatch","880a7a64","2016-11-11T16:12:29.344624","10","7","U0J13UGAF","U0J8ETRH7","U0HTPM4P8","U1CUW4Z7S"
"core.FoosballMatch","5156896b","2016-11-28T15:53:18.518677","10","8","U0HTSHTR9","U0HTVTLBS","U0HTR4KRT","U0J0XLJUD"
"core.FoosballMatch","9403ad97","2016-10-31T12:17:17.937785","10","9","U0HTPM4P8","U0HTSHTR9","U0HTPS3JS","U0HTVTLBS"
"core.FoosballMatch","b6dff321","2016-12-15T18:45:05.152120","10","7","U0HTQJMHN","U0HTPS3JS","U0J8ETRH7","U0JBNHJ3X"
"core.FoosballMatch","a9b5d90f","2016-12-21T15:44:08.193349","10","3","U0HTPS3JS","U0HTVTLBS","U0HTPM4P8","U0HTR4KRT"
"core.FoosballMatch","abb17562","2016-09-30T13:14:38.770393","10","2","U0KA76231","U1CUW4Z7S","U0J8ETRH7","U0J13UGAF"
"core.FoosballMatch","765f20ec","2016-10-19T16:50:10.645079","7","10","U0J13UGAF","U0JBNHJ3X","U0HTPM4P8","U0J0XLJUD"
"core.FoosballMatch","f0cd5702","2016-07-18T16:46:11.980712","10","9","U0J8ETRH7","U0HTVTLBS","U0HTSHTR9","U0JBNHJ3X"
"core.FoosballMatch","4702f3d4","2016-07-28T11:26:23.678310","5","10","U0HTPS3JS","U0HTVEJKC","U0HTJ2DK6","U0J0XLJUD"
"core.FoosballMatch","426b43b6","2016-08-26T11:36:59.028341","10","5","U0J8ETRH7","U0J0XLJUD","U0HTQJMHN","U0JBNHJ3X"
"core.FoosballMatch","df41223b","2016-07-25T12:17:07.951160","10","6","U0HTVTLBS","U0JBNHJ3X","U0HTSHTR9","U0HTVEJKC"
"core.FoosballMatch","f66b8d32","2016-09-16T12:17:31.058702","8","10","U0J0XLJUD","U1CUW4Z7S","U0KA76231","U0J8ETRH7"
"core.FoosballMatch","a9eb1a54","2016-11-29T13:17:42.301931","10","6","U0HTSHTR9","U0HTR4KRT","U0HTVTLBS","U0HTJ2DK6"
"core.FoosballMatch","cd42acd8","2016-11-07T14:23:15.400001","10","7","U0J8ETRH7","U0KA76231","U0HTSHTR9","U0JBNHJ3X"
"core.FoosballMatch","6e6137d2","2016-10-19T14:55:53.444441","5","10","U0J0XLJUD","U0W5T83EK","U0HTPM4P8","U0JBNHJ3X"
"core.FoosballMatch","d1225054","2016-09-28T12:12:29.037936","10","5","U1CUW4Z7S","U0KCZ16LT","U0J8ETRH7","U0JBNHJ3X"
"core.FoosballMatch","10ec0941","2016-09-26T15:20:07.685091","7","10","U1CUW4Z7S","U0J8ETRH7","U0J13UGAF","U0KA76231"
"core.FoosballMatch","d07ce6b0","2016-08-10T12:08:48.838273","10","5","U0HTPM4P8","U0HTSHTR9","U0J0XLJUD","U0HTPS3JS"
"core.FoosballMatch","2c65ca16","2016-08-15T16:04:28.698098","10","6","U0J0XLJUD","U0HTPM4P8","U0HTSHTR9","U0HTRQ5HQ"
"core.FoosballMatch","7116a771","2016-12-05T18:25:48.911902","5","10","U0J0XLJUD","U0HTQ6XQQ","U0HTQJMHN","U0HTJ2DK6"
"core.FoosballMatch","d3a4d965","2016-11-29T15:27:25.265205","8","10","U0HTVEJKC","U0J8ETRH7","U0HTQJMHN","U0JBNHJ3X"
"core.FoosballMatch","2bdac3d0","2016-10-25T13:51:29.002803","10","8","U0JBNHJ3X","U0J0XLJUD","U0KA76231","U0J13UGAF"
"core.FoosballMatch","4c2bc98c","2016-11-21T17:58:10.788555","7","10","U0HTQJMHN","U0HTQ6XQQ","U0J0XLJUD","U0HTJ2DK6"
"core.FoosballMatch","0ffec037","2016-11-28T17:26:05.771982","10","9","U1CUW4Z7S","U0KA76231","U0HTSHTR9","U0JBNHJ3X"
"core.FoosballMatch","7feded10","2016-08-01T12:49:10.292506","10","8","U0J0XLJUD","U0HTSHTR9","U0HTVEJKC","U0HTJ2DK6"
"core.FoosballMatch","4a9e4324","2016-12-21T12:04:08.586745","10","4","U0HTPS3JS","U0J0XLJUD","U0KCZ16LT","U0JBNHJ3X"
"core.FoosballMatch","d76eebbd","2016-12-07T17:36:14.055271","8","10","U0HTSHTR9","U0J0XLJUD","U0HTPM4P8","U0JBNHJ3X"
"core.FoosballMatch","d1fdbf22","2016-09-30T14:27:44.591828","10","9","U0HTSHTR9","U0J8ETRH7","U0KCZ16LT","U0KA76231"
"core.FoosballMatch","e499659b","2016-10-10T13:53:07.338881","10","1","U0HTJ2DK6","U0HTR4KRT","U0HTVTLBS","U0HTQJMHN"
"core.FoosballMatch","ec58c29e","2016-08-22T10:35:45.905191","6","10","U0JBNHJ3X","U0HTVTLBS","U0HTPM4P8","U0HTPS3JS"
"core.FoosballMatch","618ebbc4","2016-12-21T16:41:53.927121","10","4","U0HTPS3JS","U0HTVEJKC","U0HTPM4P8","U0HTSHTR9"
"core.FoosballMatch","f50377f8","2016-08-12T12:00:20.206677","10","2","U0HTSHTR9","U0HTQ6XQQ","U0HTQJMHN","U0JBNHJ3X"
"core.FoosballMatch","bc3158cb","2016-10-28T16:05:02.530120","10","7","U1CUW4Z7S","U0HTPM4P8","U0KA76231","U0J8ETRH7"
"core.FoosballMatch","c55777d0","2016-07-21T14:34:49.479769","10","8","U0W5T83EK","U0JBNHJ3X","U1CUW4Z7S","U0J8ETRH7"
"core.FoosballMatch","c6ec6573","2016-10-07T11:54:01.286525","10","2","U0HTJ2DK6","U0HTSHTR9","U0HTPM4P8","U0HTVTLBS"
"core.FoosballMatch","5ce617ec","2016-09-27T14:51:54.230203","10","6","U0HTSHTR9","U0HTVTLBS","U0KCZ16LT","U1CUW4Z7S"
"core.FoosballMatch","7d65d86e","2016-12-22T17:34:33.003767","8","10","U0J8ETRH7","U0JBNHJ3X","U0HTVEJKC","U0KCZ16LT"
"core.FoosballMatch","e21a0aa6","2016-11-22T15:06:42.687453","10","2","U0HTPM4P8","U0HTJ2DK6","U0HTSHTR9","U0HTVEJKC"
"core.FoosballMatch","52086f66","2016-08-15T12:29:27.403264","10","8","U07V0F5AS","U0JBNHJ3X","U0HTRQ5HQ","U0KCZ16LT"
"core.FoosballMatch","387fa9d8","2016-11-15T17:45:09.062347","6","10","U0HTPS3JS","U0KA76231","U0KCZ16LT","U0HTJ2DK6"
"core.FoosballMatch","38a3dd18","2016-08-05T17:39:41.530403","10","1","U0834SYHL","U0HTVEJKC","U0J0XLJUD","U17V6C5K6"
"core.FoosballMatch","ff744f3d","2016-09-06T10:31:51.817792","7","10","U0HTVEJKC","U0HTJ2DK6","U0J0XLJUD","U0HTPS3JS"
"core.FoosballMatch","89ce0481","2016-07-26T17:07:25.449939","10","7","U17V6C5K6","U0J13UGAF","U0J8ETRH7","U0JBNHJ3X"
"core.FoosballMatch","4ce6e094","2016-07-20T15:33:52.431011","10","7","U0HTJ2DK6","U0J8ETRH7","U0J13UGAF","U0JBNHJ3X"
"core.FoosballMatch","9723ebfb","2016-10-19T13:59:45.192605","10","6","U17V6C5K6","U0J8ETRH7","U0KA76231","U1CUW4Z7S"
"core.FoosballMatch","ba12a2bb","2016-11-24T12:02:58.720724","10","4","U0HTSHTR9","U0J0XLJUD","U0HTPM4P8","U0KA76231"
"core.FoosballMatch","2ec6e6c5","2016-12-09T16:46:52.438635","8","10","U0HTPS3JS","U0J0XLJUD","U0HTPM4P8","U0KA76231"
"core.FoosballMatch","281fb8d5","2016-11-25T17:43:53.398749","7","10","U0J8ETRH7","U0HTVEJKC","U0J0XLJUD","U0HTPUK8R"
"core.FoosballMatch","7117e136","2016-11-28T17:41:59.262593","7","10","U0HTVTLBS","U0JBNHJ3X","U0KA76231","U0HTVEJKC"
"core.FoosballMatch","a8c6293d","2016-11-18T10:58:05.520231","10","4","U0HTPUK8R","U0HTRQ5HQ","U0KA76231","U0JBNHJ3X"
"core.FoosballMatch","16f94188","2016-08-18T13:32:55.483261","10","5","U0HTVTLBS","U0HTPM4P8","U0HTSHTR9","U0HTVEJKC"
"core.FoosballMatch","5fa09c2d","2016-08-24T16:50:48.772327","10","7","U0JBNHJ3X","U0HTJ2DK6","U0HTVTLBS","U0HTQJMHN"
"core.FoosballMatch","ca0deadd","2016-07-27T13:51:30.226968","10","8","U0JBNHJ3X","U1CUW4Z7S","U0HTVTLBS","U07V0F5AS"
"core.FoosballMatch","59f55e1c","2016-09-01T16:52:36.367995","10","2","U1CUW4Z7S","U16DF5LQH","U0KCZ16LT","U0J8ETRH7"
"core.FoosballMatch","7616f187","2016-11-04T13:35:42.860967","10","7","U0HTVTLBS","U0HTR4KRT","U0HTSHTR9","U0HTPM4P8"
"core.FoosballMatch","38c2f154","2016-11-21T17:27:05.260842","10","3","U0KCZ16LT","U0HTJ2DK6","U0HTSHTR9","U0JBNHJ3X"
"core.FoosballMatch","c243c2a6","2016-07-27T13:51:42.055089","7","10","U0JBNHJ3X","U1CUW4Z7S","U0HTVTLBS","U07V0F5AS"
"core.FoosballMatch","f439bdef","2016-10-27T13:51:06.884421","9","10","U0KA76231","U0HTSHTR9","U0HTPM4P8","U0HTR4KRT"
"core.FoosballMatch","29095211","2016-08-30T13:03:18.684589","9","10","U0HTVTLBS","U0HTQ6XQQ","U0J0XLJUD","U0KCZ16LT"
"core.FoosballMatch","19345817","2016-11-18T15:55:56.320279","6","10","U0KCZ16LT","U0JBNHJ3X","U0HTVEJKC","U0HTJ2DK6"
"core.FoosballMatch","c761abbc","2016-10-04T16:48:52.156209","6","10","U0KA76231","U1CUW4Z7S","U0J8ETRH7","U0J13UGAF"
"core.FoosballMatch","84fa875a","2016-10-07T10:12:23.271723","7","10","U0J8ETRH7","U0JBNHJ3X","U0KA76231","U1CUW4Z7S"
"core.FoosballMatch","a25cd2f9","2016-11-17T17:27:17.770467","10","5","U0KA76231","U0HTPM4P8","U0JBNHJ3X","U0J8ETRH7"
"core.FoosballMatch","a61c676c","2016-09-28T17:14:05.981531","8","10","U0J13UGAF","U0KA76231","U0HTVEJKC","U0HTPS3JS"
"core.FoosballMatch","0bbabe78","2016-07-20T17:48:44.296795","9","10","U0J13UGAF","U0J0XLJUD","U0HTQJMHN","U0HTRQ5HQ"
"core.FoosballMatch","d78ba9c6","2016-09-29T13:13:05.901974","10","3","U1CUW4Z7S","U0JBNHJ3X","U0KA76231","U0J8ETRH7"
"core.FoosballMatch","a310f07e","2016-10-31T16:03:05.380827","7","10","U0HTQJMHN","U0HTPS3JS","U0HTPM4P8","U0HTSHTR9"
"core.FoosballMatch","09b84e7e","2016-10-06T12:38:46.498914","5","10","U0KA76231","U0J8ETRH7","U1CUW4Z7S","U0JBNHJ3X"
"core.FoosballMatch","8002973c","2016-08-22T12:07:20.815485","7","10","U0J0XLJUD","U0HTPS3JS","U0HTPM4P8","U0HTQ6XQQ"
"core.FoosballMatch","50c1202e","2016-10-24T12:53:06.306962","4","10","U0HTVEJKC","U0J0XLJUD","U0HTSHTR9","U0HTPM4P8"
"core.FoosballMatch","cbc3d6e0","2016-08-26T17:34:08.666796","1","10","U0W5T83EK","U0HTRQ5HQ","U0HTQ6XQQ","U0HTVTLBS"
"core.FoosballMatch","4a603010","2016-09-16T16:05:19.259031","4","10","U0HTPUK8R","U0HTVEJKC","U0J0XLJUD","U0JBNHJ3X"
"core.FoosballMatch","adeec787","2016-11-07T15:59:38.714742","10","7","U0KCZ16LT","U07V0F5AS","U0KA76231","U0JBNHJ3X"
"core.FoosballMatch","95a641ac","2016-07-26T10:03:23.046869","10","2","U1CUW4Z7S","U0HTVTLBS","U0J8ETRH7","U0HTSHTR9"
"core.FoosballMatch","d80c8ee0","2016-12-16T11:52:48.780125","10","4","U0HTQ6XQQ","U0HTPS3JS","U0J0XLJUD","U0HTPM4P8"
"core.FoosballMatch","e35f8461","2016-12-13T12:51:54.647324","8","10","U0HTVEJKC","U0KA76231","U0HTSHTR9","U0JBNHJ3X"
"core.FoosballMatch","d2e2742f","2016-09-23T18:34:54.598614","10","6","U0W5T83EK","U17V6C5K6","U0JBNHJ3X","U0HTQ6XQQ"
"core.FoosballMatch","ac25f183","2016-09-05T14:56:58.601778","10","7","U0HTVEJKC","U0J0XLJUD","U0HTQJMHN","U0HTVTLBS"
"core.FoosballMatch","84b967ec","2016-11-08T12:24:50.906960","10","1","U0HTR4KRT","U0HTVTLBS","U0HTPM4P8","U0HTQJMHN"
"core.FoosballMatch","c63a9eee","2016-11-25T17:43:14.808050","9","10","U0J0XLJUD","U0HTPUK8R","U0HTPM4P8","U0KA76231"
"core.FoosballMatch","cb684928","2016-07-18T14:17:36.255339","7","10","U0J0XLJUD","U0J8ETRH7","U0HTVTLBS","U0JBNHJ3X"
"core.FoosballMatch","ddf01c3e","2016-08-01T15:37:27.282062","9","10","U0W5T83EK","U0JBNHJ3X","U0KCZ16LT","U17V6C5K6"
"core.FoosballMatch","ad0e2f61","2016-12-14T15:43:04.786251","4","10","U0HTR4KRT","U0HTQ6XQQ","U0HTSHTR9","U0HTVEJKC"
"core.FoosballMatch","a410fe45","2016-10-28T13:42:16.458913","10","5","U0KA76231","U0HTSHTR9","U0HTQJMHN","U1CUW4Z7S"
"core.FoosballMatch","3c1b13a0","2016-10-10T12:14:56.370006","10","6","U0HTSHTR9","U0HTVEJKC","U0HTVTLBS","U0HTJ2DK6"
"core.FoosballMatch","7e27b0df","2016-08-01T11:22:07.553094","4","10","U1CUW4Z7S","U0JBNHJ3X","U07V0F5AS","U17V6C5K6"
"core.FoosballMatch","0bb3cf33","2016-07-28T18:25:46.860616","10","6","U0HTVTLBS","U17V6C5K6","U0HTPM4P8","U0HTRQ5HQ"
"core.FoosballMatch","ccb575bb","2016-10-24T17:08:48.070553","10","4","U0HTVTLBS","U0HTQ6XQQ","U0HTPM4P8","U0J0XLJUD"
"core.FoosballMatch","9bc4d57d","2016-11-22T17:08:50.984304","3","10","U0KCZ16LT","U0KA76231","U0JBNHJ3X","U0J8ETRH7"
"core.FoosballMatch","12579b78","2016-09-28T13:32:04.411650","4","10","U0J13UGAF","U0KA76231","U0J8ETRH7","U0HTPS3JS"
"core.FoosballMatch","f813ca67","2016-09-12T14:40:32.274143","10","8","U0JBNHJ3X","U0HTSHTR9","U0KCZ16LT","U0HTVTLBS"
"core.FoosballMatch","dfa88450","2016-07-21T11:21:01.877744","9","10","U0KA76231","U0J8ETRH7","U0JBNHJ3X","U0J13UGAF"
"core.FoosballMatch","6884d1bb","2016-10-07T17:38:32.626033","9","10","U17V6C5K6","U0JBNHJ3X","U0HTPM4P8","U0J8ETRH7"
"core.FoosballMatch","87e3bc8e","2016-07-13T16:00:09.407395","10","2","U0JBNHJ3X","U0HTVEJKC","U0J8ETRH7","U0HTPS3JS"
"core.FoosballMatch","6f467b1b","2016-08-03T16:22:26.033791","10","9","U0HTSHTR9","U0HTQ6XQQ","U0J0XLJUD","U0834SYHL"
"core.FoosballMatch","711ee754","2016-09-30T16:33:27.076906","6","10","U0KA76231","U0J0XLJUD","U0HTVTLBS","U0HTSHTR9"
"core.FoosballMatch","6b4cbd20","2016-08-19T11:51:54.016350","6","10","U0HTVTLBS","U0HTQJMHN","U0J0XLJUD","U0HTQ6XQQ"
"core.FoosballMatch","7af31459","2016-09-29T17:01:30.536055","10","5","U0J13UGAF","U0JBNHJ3X","U0HTPS3JS","U0J8ETRH7"
"core.FoosballMatch","9b90134a","2016-11-03T17:18:09.846450","5","10","U0JBNHJ3X","U0KCZ16LT","U0HTPM4P8","U0KA76231"
"core.FoosballMatch","348b40fa","2016-11-17T16:17:23.212332","4","10","U0KCZ16LT","U0HTJ2DK6","U0HTVEJKC","U0HTVTLBS"
"core.FoosballMatch","e6055895","2016-08-08T17:41:26.173098","8","10","U0HTQJMHN","U0HTVEJKC","U0J0XLJUD","U0HTQ6XQQ"
"core.FoosballMatch","00b6de18","2016-07-29T17:55:13.699711","10","8","U0JBNHJ3X","U0W5T83EK","U0J0XLJUD","U0HTJ2DK6"
"core.FoosballMatch","9ed3d044","2016-08-09T15:41:19.498037","9","10","U0HTSHTR9","U0J0XLJUD","U0JBNHJ3X",""
"core.FoosballMatch","463022fa","2016-09-27T11:56:40.424466","10","4","U0J13UGAF","U0HTPS3JS","U0HTSHTR9","U0HTVTLBS"
"core.FoosballMatch","30b4d68a","2016-09-20T11:04:04.019952","10","1","U0HTQJMHN","U0HTJ2DK6","U0J0XLJUD","U0HTQ6XQQ"
"core.FoosballMatch","b1c74414","2016-10-25T13:41:17.451649","7","10","U0HTVEJKC","U0HTSHTR9","U0HTPM4P8","U0HTR4KRT"
"core.FoosballMatch","7d26b98f","2016-10-11T16:54:17.076584","10","5","U0HTQJMHN","U0HTJ2DK6","U0HTPM4P8","U0J0XLJUD"
"core.FoosballMatch","c8a44714","2016-08-30T17:25:26.545595","10","3","U0J0XLJUD","U0HTQ6XQQ","U1CUW4Z7S","U0HTVTLBS"
"core.FoosballMatch","4f5253fa","2016-07-25T11:34:15.325580","10","9","U0HTQJMHN","U0HTPS3JS","U0HTPM4P8","U0J0XLJUD"
"core.FoosballMatch","09232207","2016-11-25T15:13:28.073269","8","10","U0HTQJMHN","U0JBNHJ3X","U0HTPM4P8","U0HTRQ5HQ"
"core.FoosballMatch","b54c9035","2016-08-09T11:08:17.461784","10","5","U0HTJ2DK6","U0JBNHJ3X","U0HTQJMHN","U17V6C5K6"
"core.FoosballMatch","7ec73161","2016-09-27T10:38:08.316898","6","10","U0HTPS3JS","U0HTVEJKC","U0HTQJMHN","U0HTJ2DK6"
"core.FoosballMatch","7da4aa6c","2016-10-19T12:45:14.071398","4","10","U0J13UGAF","U0J8ETRH7","U0HTR4KRT","U0JBNHJ3X"
"core.FoosballMatch","6529d9bc","2016-11-30T16:24:59.995969","9","10","U0JBNHJ3X","U1CUW4Z7S","U0KA76231","U0KCZ16LT"
"core.FoosballMatch","f3fb5775","2016-09-16T11:06:14.592682","5","10","U0HTVTLBS","U0HTVEJKC","U0HTSHTR9","U0KA76231"
"core.FoosballMatch","3416ebf5","2016-09-23T18:35:28.465537","9","10","U0W5T83EK","U0HTQ6XQQ","U0JBNHJ3X","U17V6C5K6"
"core.FoosballMatch","d8e31bf4","2016-10-03T17:00:04.946336","6","10","U0KA76231","U0J13UGAF","U0JBNHJ3X","U0HTRQ5HQ"
"core.FoosballMatch","1666095f","2016-10-17T11:19:21.327457","10","5","U0HTVTLBS","U0HTJ2DK6","U0HTPM4P8","U0JBNHJ3X"
"core.FoosballMatch","d8f7f2cc","2016-08-25T12:05:09.022706","7","10","U0J0XLJUD","U0HTQ6XQQ","U0JBNHJ3X","U0HTRQ5HQ"
"core.FoosballMatch","3ebd5584","2016-11-23T15:05:12.210731","7","10","U0JBNHJ3X","U0J8ETRH7","U0KCZ16LT","U0J13UGAF"
"core.FoosballMatch","4f44423d","2016-08-09T12:05:47.017311","4","10","U0HTPS3JS","U0HTVEJKC","U0HTSHTR9","U0JBNHJ3X"
"core.FoosballMatch","23086b92","2016-11-16T13:55:17.912509","6","10","U0JBNHJ3X","U0J8ETRH7","U0HTQJMHN","U0HTSHTR9"
"core.FoosballMatch","fc9503aa","2016-11-14T10:56:22.156465","10","9","U0HTVTLBS","U0HTPS3JS","U0HTSHTR9","U0HTJ2DK6"
"core.FoosballMatch","bbde4f0a","2016-12-16T12:36:35.438075","7","10","U0JBNHJ3X","U0J8ETRH7","U0HTPS3JS","U0HTVEJKC"
"core.FoosballMatch","eef9de31","2016-07-28T15:05:38.328682","10","5","U0HTVTLBS","U0JNVCVRT","U0HTPM4P8","U0HTRQ5HQ"
"core.FoosballMatch","37bb401b","2016-11-03T16:43:00.849754","10","1","U0HTPM4P8","U0HTR4KRT","U0HTSHTR9","U0HTVTLBS"
"core.FoosballMatch","35a85d62","2016-09-02T14:26:48.084117","10","8","U0HTPUK8R","U0HTQJMHN","U0HTPM4P8","U0KCZ16LT"
"core.FoosballMatch","1b6fdc25","2016-11-25T15:11:33.164027","10","5","U0J8ETRH7","U0HTPUK8R","U0HTPM4P8","U0KCZ16LT"
"core.FoosballMatch","5fe09390","2016-08-09T17:30:28.298623","5","10","U0HTJ2DK6","U0HTVEJKC","U17V6C5K6","U0HTQ6XQQ"
"core.FoosballMatch","37362b55","2016-11-01T16:50:24.303966","10","5","U0KA76231","U0J8ETRH7","U1CUW4Z7S","U0JBNHJ3X"
"core.FoosballMatch","cf746a0e","2016-12-02T13:07:50.902903","10","6","U0HTJ2DK6","U0HTVEJKC","U0J0XLJUD","U0HTPS3JS"
"core.FoosballMatch","f02527c3","2016-09-27T11:57:31.590057","10","5","U0J13UGAF","U0HTPS3JS","U0HTSHTR9","U0HTVTLBS"
"core.FoosballMatch","9b4cf195","2016-09-05T17:43:57.664097","9","10","U0HTQ6XQQ","U0J0XLJUD","U0HTQJMHN","U0HTVTLBS"
"core.FoosballMatch","f06ca62c","2016-09-21T11:09:50.793920","10","8","U0KA76231","U1CUW4Z7S","U0J13UGAF","U0KCZ16LT"
"core.FoosballMatch","2c35dc15","2016-11-14T16:23:46.768865","6","10","U0JBNHJ3X","U0HTVTLBS","U0KA76231","U0KCZ16LT"
"core.FoosballMatch","c9dfa4e5","2016-12-02T12:42:39.564712","10","8","U0JBNHJ3X","U0HTSHTR9","U0HTPM4P8","U0HTVTLBS"
"core.FoosballMatch","97c13ba4","2016-09-20T15:59:24.169106","8","10","U0KA76231","U0HTVEJKC","U0HTQJMHN","U0HTQ6XQQ"
"core.FoosballMatch","17b0f783","2016-11-04T15:00:57.523325","10","4","U0KA76231","U0HTPS3JS","U0HTPM4P8","U0HTJ2DK6"
"core.FoosballMatch","a4bdc32b","2016-08-05T16:30:12.844829","10","5","U07V0F5AS","U0KA76231","U0J13UGAF","U0J8ETRH7"
"core.FoosballMatch","aa670609","2016-07-19T13:48:05.326962","10","7","U0HTSHTR9","U0J0XLJUD","U0HTQJMHN","U0HTVTLBS"
"core.FoosballMatch","2f18c4cf","2016-09-26T16:08:07.663659","4","10","U0KCZ16LT","U0J0XLJUD","U0JBNHJ3X","U0HTVTLBS"
"core.FoosballMatch","6c2c9fc6","2016-09-22T11:36:52.770495","8","10","U0HTVEJKC","U0J0XLJUD","U0HTQJMHN","U0HTVTLBS"
"core.FoosballMatch","f39e8f42","2016-08-31T13:11:25.009259","10","7","U0HTJ2DK6","U0J0XLJUD","U0HTPUK8R","U0HTPM4P8"
"core.FoosballMatch","89d32de0","2016-08-03T16:42:16.835194","10","6","U0JBNHJ3X","U0HTJ2DK6","U17V6C5K6","U0W5T83EK"
"core.FoosballMatch","8b1cd73c","2016-12-09T11:00:14.475946","2","10","U0HTPM4P8","U0J0XLJUD","U0HTPS3JS","U0HTVEJKC"
"core.FoosballMatch","9c983f26","2016-07-22T14:54:52.715407","10","8","U0J13UGAF","U0J8LB74P","U0W5T83EK","U0KCZ16LT"
"core.FoosballMatch","ed0d1c10","2016-12-13T16:44:42.551559","10","7","U0HTPM4P8","U0J0XLJUD","U0HTVEJKC","U0HTPS3JS"
"core.FoosballMatch","95b5e6f0","2016-12-01T17:33:26.582753","10","3","U0HTPS3JS","U0HTJ2DK6","U0J8ETRH7","U0HTVTLBS"
"core.FoosballMatch","478e3e82","2016-08-26T17:03:58.544799","9","10","U0J8ETRH7","U1CUW4Z7S","U0W5T83EK","U0HTRQ5HQ"
"core.FoosballMatch","0eccc49f","2016-09-22T11:37:11.037111","10","8","U0KCZ16LT","U0HTVEJKC","U0HTQJMHN","U0HTVTLBS"
"core.FoosballMatch","7f53afbd","2016-12-14T12:03:13.604347","10","8","U0JBNHJ3X","U0HTVTLBS","U0KA76231","U0HTR4KRT"
"core.FoosballMatch","b132ebbc","2016-11-17T11:29:34.697821","9","10","U0J8ETRH7","U0JBNHJ3X","U0KCZ16LT","U0KA76231"
"core.FoosballMatch","aa18beff","2016-12-02T17:21:23.223962","10","5","U1CUW4Z7S","U0HTSHTR9","U0HTPM4P8","U0KA76231"
"core.FoosballMatch","5cb239c8","2016-08-23T14:15:09.569063","10","9","U0JBNHJ3X","U0HTPM4P8","U0J8ETRH7","U0HTPS3JS"
"core.FoosballMatch","58d171d7","2016-09-23T10:21:53.013440","3","10","U0J13UGAF","U0JBNHJ3X","U0KCZ16LT","U0KA76231"
"core.FoosballMatch","4bb6c197","2016-11-17T15:53:08.367622","7","10","U0JBNHJ3X","U1CUW4Z7S","U0HTVTLBS","U0KA76231"
"core.FoosballMatch","230c4874","2016-10-07T14:42:57.721677","10","8","U1CUW4Z7S","U0HTVTLBS","U0KA76231","U0J13UGAF"
"core.FoosballMatch","6ee3b852","2016-10-17T16:19:33.370119","10","1","U0HTVEJKC","U0HTJ2DK6","U0HTPM4P8","U0HTVTLBS"
"core.FoosballMatch","c2508b86","2016-09-21T13:20:50.888668","10","5","U0KA76231","U0HTVTLBS","U0HTVEJKC","U0JBNHJ3X"
"core.FoosballMatch","d74b4217","2016-07-14T15:03:50.719729","10","6","U0J0XLJUD","U0HTSHTR9","U0HTVTLBS","U0J8ETRH7"
"core.FoosballMatch","432f8662","2016-08-04T16:11:05.761550","10","1","U0HTVEJKC","U0HTSHTR9","U0J0XLJUD","U0HTQJMHN"
"core.FoosballMatch","95c022ff","2016-11-14T13:55:37.574271","10","8","U1CUW4Z7S","U0KA76231","U0J8ETRH7","U0JBNHJ3X"
"core.FoosballMatch","c6da4246","2016-09-30T16:24:00.938903","10","7","U1CUW4Z7S","U0J8ETRH7","U0KA76231","U0J0XLJUD"
"core.FoosballMatch","c3ec9561","2016-08-30T17:06:44.138852","7","10","U0HTQJMHN","U0KCZ16LT","U0HTPM4P8","U0HTPUK8R"
"core.FoosballMatch","4dae258c","2016-09-26T17:19:01.175556","10","7","U0JBNHJ3X","U0J13UGAF","U0KA76231","U0J8ETRH7"
"core.FoosballMatch","76723d41","2016-09-26T17:18:43.038337","10","5","U1CUW4Z7S","U0J13UGAF","U0KA76231","U0J8ETRH7"
"core.FoosballMatch","00fbbe94","2016-08-16T12:09:15.689894","8","10","U0JBNHJ3X","U0HTJ2DK6","U0HTVTLBS","U0HTSHTR9"
"core.FoosballMatch","efc1c957","2016-10-27T15:28:30.320767","10","8","U0HTVTLBS","U0J0XLJUD","U0HTQJMHN","U0HTSHTR9"
"core.FoosballMatch","72904987","2016-08-16T13:36:41.657694","10","5","U0JBNHJ3X","U07V0F5AS","U0J8ETRH7","U0HTVEJKC"
"core.FoosballMatch","14b4062d","2016-12-15T10:26:39.409220","10","8","U0HTPS3JS","U0HTVEJKC","U0HTPM4P8","U0J0XLJUD"
"core.FoosballMatch","f684f38b","2016-08-24T13:20:20.089465","9","10","U0J0XLJUD","U0HTPS3JS","U0HTVTLBS","U0HTQ6XQQ"
"core.FoosballMatch","8cc46a63","2016-08-02T16:53:51.378058","8","10","U0HTSHTR9","U0HTPM4P8","U0J0XLJUD","U0834SYHL"
"core.FoosballMatch","8cd0e0a5","2016-12-20T13:53:30.870465","10","8","U0HTPS3JS","U0J8ETRH7","U0J0XLJUD","U0HTPM4P8"
"core.FoosballMatch","0f2ba79b","2016-08-31T11:56:31.783433","10","9","U1CUW4Z7S","U0J8ETRH7","U0J13UGAF","U0KCZ16LT"
"core.FoosballMatch","ae9c9abb","2016-12-05T14:32:00.756187","10","9","U0J8ETRH7","U0JBNHJ3X","U0HTVTLBS","U0KA76231"
"core.FoosballMatch","5c24894b","2016-11-01T13:41:27.577106","7","10","U0J8ETRH7","U1CUW4Z7S","U0HTSHTR9","U0JBNHJ3X"
"core.FoosballMatch","a24f817a","2016-10-26T14:10:11.031550","8","10","U1CUW4Z7S","U0KA76231","U0J8ETRH7","U07V0F5AS"
"core.FoosballMatch","9eb42db5","2016-08-24T13:18:45.820390","10","5","U1CUW4Z7S","U0JBNHJ3X","U0J8ETRH7","U0HTVTLBS"
"core.FoosballMatch","772803dc","2016-09-28T15:08:58.239085","10","5","U0J0XLJUD","U0JBNHJ3X","U0KCZ16LT","U0HTVEJKC"
"core.FoosballMatch","9e40cb59","2016-09-01T16:52:44.014051","10","2","U1CUW4Z7S","U16DF5LQH","U0KCZ16LT","U0J8ETRH7"
"core.FoosballMatch","9a35c698","2016-08-15T15:46:12.204014","10","5","U0HTRQ5HQ","U07V0F5AS","U0J8ETRH7","U0JBNHJ3X"
"core.FoosballMatch","a94835e2","2016-11-18T15:51:12.838665","10","6","U0KA76231","U0JBNHJ3X","U0HTRQ5HQ","U0J8ETRH7"
"core.FoosballMatch","4f02e294","2016-10-14T11:54:27.005482","4","10","U0HTVTLBS","U0J0XLJUD","U0HTJ2DK6","U0HTSHTR9"
"core.FoosballMatch","9fc94552","2016-07-27T16:37:14.404917","8","10","U0HTVEJKC","U0KA76231","U0HTPM4P8","U0HTVTLBS"
"core.FoosballMatch","04b1c287","2016-12-23T13:57:03.071053","10","8","U0KCZ16LT","U0HTSHTR9","U0HTPS3JS","U0JBNHJ3X"
"core.FoosballMatch","915961d3","2016-11-18T14:38:25.299603","1","10","U0J8ETRH7","U0JNVCVRT","U0HTRQ5HQ","U1CUW4Z7S"
"core.FoosballMatch","8414ee98","2016-12-15T13:51:28.777339","10","9","U0KCZ16LT","U0HTSHTR9","U0HTR4KRT","U0HTPS3JS"
"core.FoosballMatch","09dbf7a1","2016-11-11T16:12:49.262825","7","10","U0J13UGAF","U0J8ETRH7","U0HTPM4P8","U1CUW4Z7S"
"core.FoosballMatch","ba19de95","2016-11-15T15:27:08.867110","6","10","U0J8ETRH7","U0KCZ16LT","U1CUW4Z7S","U0HTPS3JS"
"core.FoosballMatch","9e1a2975","2016-09-26T12:23:47.785244","10","5","U0HTQ6XQQ","U0J0XLJUD","U0HTQJMHN","U0HTVEJKC"
"core.FoosballMatch","bf5ea5ad","2016-10-06T15:49:04.090197","10","6","U0HTQJMHN","U0HTR4KRT","U0HTPM4P8","U0HTVTLBS"
"core.FoosballMatch","bf507f27","2016-11-28T15:44:39.847247","10","9","U0KCZ16LT","U1CUW4Z7S","U0JBNHJ3X","U0KA76231"
"core.FoosballMatch","a18f5cbe","2016-09-23T16:04:29.679453","10","7","U0KA76231","U1CUW4Z7S","U0J13UGAF","U0JBNHJ3X"
"core.FoosballMatch","7d6e086b","2016-11-22T18:38:32.679995","3","10","U0HTVTLBS","U0HTQ6XQQ","U0HTQJMHN","U0HTJ2DK6"
"core.FoosballMatch","8c74dc24","2016-09-09T17:19:39.614862","10","6","U0HTJ2DK6","U0HTQ6XQQ","U1CUW4Z7S","U0J8ETRH7"
"core.FoosballMatch","48975f89","2016-09-08T12:31:15.394223","10","7","U0HTVEJKC","U1CUW4Z7S","U0J8ETRH7","U0J13UGAF"
"core.FoosballMatch","739d39cf","2016-07-15T17:42:46.316536","4","10","U0JBNHJ3X","U0HTQ6XQQ","U0HTQJMHN","U0HTVTLBS"
"core.FoosballMatch","f661ccd5","2016-11-04T14:02:29.886442","6","10","U1CUW4Z7S","U0J8ETRH7","U0J13UGAF","U0KA76231"
"core.FoosballMatch","1519ffb3","2016-11-21T15:34:45.921208","10","2","U0JBNHJ3X","U1CUW4Z7S","U0KCZ16LT","U0J8ETRH7"
"core.FoosballMatch","a90a09c5","2016-12-22T10:56:35.037844","10","2","U0HTSHTR9","U0HTVTLBS","U0KCZ16LT","U0HTR4KRT"
"core.FoosballMatch","688e8b94","2016-07-13T16:00:26.808152","10","4","U0HTPS3JS","U0JBNHJ3X","U0J8ETRH7","U0HTVEJKC"
"core.FoosballMatch","381c35e5","2016-12-12T17:43:46.401855","10","5","U0KCZ16LT","U0HTVTLBS","U0HTQJMHN","U0HTQ6XQQ"
"core.FoosballMatch","020fef9c","2016-10-21T11:27:15.068015","9","10","U0HTR4KRT","U0HTVEJKC","U0HTJ2DK6","U0HTPM4P8"
"core.FoosballMatch","f10decd5","2016-07-25T11:01:36.022310","8","10","U0JBNHJ3X","U0J13UGAF","U0J8ETRH7","U0HTVTLBS"
"core.FoosballMatch","5076c00b","2016-12-01T16:15:25.290818","5","10","U1CUW4Z7S","U0KA76231","U0HTSHTR9","U0JBNHJ3X"
"core.FoosballMatch","9f2b8d4a","2016-11-21T15:34:51.222400","10","2","U0HTVTLBS","U0HTQ6XQQ","U0HTVEJKC","U0J8ETRH7"
"core.FoosballMatch","e8ddcfe6","2016-08-03T17:14:17.186122","10","9","U0HTPM4P8","U0JBNHJ3X","U0KA76231","U0J8ETRH7"
"core.FoosballMatch","ba01ceaa","2016-09-21T14:27:20.225960","10","7","U0KCZ16LT","U0KA76231","U0JBNHJ3X","U1CUW4Z7S"
"core.FoosballMatch","2cb82a8f","2016-08-11T16:52:39.454623","10","0","U0HTQ6XQQ","U0JBNHJ3X","U0HTQJMHN","U0HTVEJKC"
"core.FoosballMatch","72f5e8ae","2016-12-06T16:34:04.455513","10","4","U0KA76231","U0HTSHTR9","U0W5T83EK","U0J8ETRH7"
"core.FoosballMatch","96813fd1","2016-11-18T15:52:18.504011","9","10","U0KCZ16LT","U0JBNHJ3X","U0HTPM4P8","U0HTJ2DK6"
"core.FoosballMatch","92bf99c4","2016-12-13T14:23:20.135663","10","7","U0HTVTLBS","U0HTR4KRT","U0HTPS3JS","U0KA76231"
"core.FoosballMatch","3e7e0a86","2016-07-20T11:26:09.714752","9","10","U0J13UGAF","U0HTRQ5HQ","U0JBNHJ3X","U0J8ETRH7"
"core.FoosballMatch","fd66a8a7","2016-09-28T11:03:19.793110","10","5","U0J13UGAF","U0KA76231","U1CUW4Z7S","U0J8ETRH7"
"core.FoosballMatch","165d4312","2016-09-05T10:29:50.307315","9","10","U0HTJ2DK6","U0HTVEJKC","U0HTVTLBS","U0KCZ16LT"
"core.FoosballMatch","27788513","2016-09-14T17:28:41.956889","10","3","U0KA76231","U0KCZ16LT","U0JBNHJ3X","U0HTVTLBS"
"core.FoosballMatch","0fb9aaf9","2016-11-29T14:34:19.180640","7","10","U0HTJ2DK6","U0J0XLJUD","U0KA76231","U0HTVTLBS"
"core.FoosballMatch","08c6a193","2016-07-12T17:03:50.853469","10","7","U0J8ETRH7","U0HTSHTR9","U0JBNHJ3X","U1CUW4Z7S"
"core.FoosballMatch","70f0a128","2016-10-12T13:48:41.711567","10","9","U0KA76231","U1CUW4Z7S","U0HTVTLBS","U0JBNHJ3X"
"core.FoosballMatch","8d255f62","2016-09-01T11:39:51.603454","10","3","U0HTQ6XQQ","U0HTJ2DK6","U0HTQJMHN","U0HTPUK8R"
"core.FoosballMatch","f253f2ed","2016-12-22T10:56:25.263268","10","8","U0HTSHTR9","U0HTVTLBS","U0KCZ16LT","U0HTR4KRT"
"core.FoosballMatch","331ae5f8","2016-10-20T17:20:57.965979","6","10","U17V6C5K6","U1CUW4Z7S","U0JBNHJ3X","U0W5T83EK"
"core.FoosballMatch","7bb9401a","2016-08-26T16:53:31.751133","7","10","U17V6C5K6","U0J8ETRH7","U0HTRQ5HQ","U0W5T83EK"
"core.FoosballMatch","08e78164","2016-12-02T16:57:19.030348","10","5","U0KCZ16LT","U0HTRQ5HQ","U0JBNHJ3X","U0J8ETRH7"
"core.FoosballMatch","68a84cfd","2016-08-18T12:13:03.527187","9","10","U0J0XLJUD","U0JBNHJ3X","U0HTJ2DK6","U0HTVTLBS"
"core.FoosballMatch","e43736be","2016-11-02T13:53:19.255887","10","9","U0HTJ2DK6","U0HTSHTR9","U0KA76231","U0JBNHJ3X"
"core.FoosballMatch","9582059f","2016-09-22T17:27:29.776609","10","4","U0HTVEJKC","U0J0XLJUD","U0HTQJMHN","U0JBNHJ3X"
"core.FoosballMatch","e12e6b16","2016-07-21T16:30:46.000725","10","2","U1NGZQV3M","U0W5T83EK","U0UEK3GMR","U0KCZ16LT"
"core.FoosballMatch","ef34dea1","2016-11-17T10:33:58.723738","9","10","U0HTVEJKC","U0HTJ2DK6","U0HTSHTR9","U0HTPM4P8"
"core.FoosballMatch","166c3152","2016-07-29T18:22:30.195203","10","6","U0W5T83EK","U0HTQ6XQQ","U0JBNHJ3X","U0J0XLJUD"
"core.FoosballMatch","d1290a26","2016-07-26T10:23:46.582272","4","10","U0J0XLJUD","U17V6C5K6","U0JBNHJ3X","U0W5T83EK"
"core.FoosballMatch","0b6c51b2","2016-12-15T17:07:33.791626","7","10","U0HTR4KRT","U0J0XLJUD","U0HTQJMHN","U0HTSHTR9"
"core.FoosballMatch","468f3a4f","2016-08-09T15:21:59.743029","10","7","U1CUW4Z7S","U07V0F5AS","U0J13UGAF","U0KA76231"
"core.FoosballMatch","89c01d07","2016-12-09T17:31:10.304868","10","9","U0J8ETRH7","U0JBNHJ3X","U0KA76231","U0KCZ16LT"
"core.FoosballMatch","3ab3012c","2016-08-18T17:00:10.717105","5","10","U0HTQJMHN","U0HTPM4P8","U0HTVEJKC","U0JBNHJ3X"
"core.FoosballMatch","127fd721","2016-09-29T16:01:59.561358","10","6","U1CUW4Z7S","U0KA76231","U0JBNHJ3X","U0J8ETRH7"
"core.FoosballMatch","a80d4cf9","2016-08-26T18:09:05.933630","10","9","U17V6C5K6","U0W5T83EK","U0HTPM4P8","U0HTQ6XQQ"
"core.FoosballMatch","7c450aaa","2016-12-13T16:08:42.250583","3","10","U0HTVTLBS","U0HTQJMHN","U0HTPM4P8","U0JBNHJ3X"
"core.FoosballMatch","82d35cc0","2016-11-22T11:36:42.117591","5","10","U0KCZ16LT","U0HTVTLBS","U0HTSHTR9","U0JBNHJ3X"
"core.FoosballMatch","b5d802fd","2016-12-13T18:25:50.196017","7","10","U0JBNHJ3X","U0J0XLJUD","U0HTPM4P8","U0KA76231"
"core.FoosballMatch","d13d0457","2016-12-07T18:12:26.752206","9","10","U0J0XLJUD","U0HTVTLBS","U0HTPM4P8","U0HTR4KRT"
"core.FoosballMatch","28a61056","2016-08-22T17:10:16.735341","5","10","U17V6C5K6","U0J8ETRH7","U0JBNHJ3X","U0HTPM4P8"
"core.FoosballMatch","54ca2487","2016-07-15T15:27:58.831785","10","8","U0KA76231","U0J8ETRH7","U0HTVEJKC","U07V0F5AS"
"core.FoosballMatch","887067d7","2016-08-08T17:41:21.649017","10","8","U0HTQJMHN","U0HTVEJKC","U0J0XLJUD","U0HTQ6XQQ"
"core.FoosballMatch","45d42338","2016-10-19T14:32:54.680004","7","10","U0HTR4KRT","U0HTQJMHN","U0HTVEJKC","U0HTVTLBS"
"core.FoosballMatch","c1b331b5","2016-12-22T11:33:00.590543","2","10","U0HTSHTR9","U0J0XLJUD","U0HTVEJKC","U0HTPS3JS"
"core.FoosballMatch","b4162d3c","2016-08-10T14:04:57.242788","4","10","U0HTPS3JS","U0HTVEJKC","U0HTQJMHN","U0HTSHTR9"
"core.FoosballMatch","1eb74dba","2016-07-29T18:09:43.733389","8","10","U0KA76231","U0HTQ6XQQ","U0JBNHJ3X","U0J0XLJUD"
"core.FoosballMatch","da49cbee","2016-09-28T16:23:01.427059","7","10","U0J8ETRH7","U0JBNHJ3X","U0KCZ16LT","U0HTQJMHN"
"core.FoosballMatch","5ddaa5e5","2016-12-02T12:00:33.179918","10","5","U0J13UGAF","U0HTRQ5HQ","U0KCZ16LT","U0J8ETRH7"
"core.FoosballMatch","ec15345d","2016-07-12T17:03:58.638273","5","10","U0J8ETRH7","U0HTSHTR9","U0JBNHJ3X","U1CUW4Z7S"
"core.FoosballMatch","ff343944","2016-12-07T13:11:53.538738","10","4","U0HTR4KRT","U0HTQJMHN","U0HTSHTR9","U0JBNHJ3X"
"core.FoosballMatch","ccbf2e9b","2016-11-28T18:07:27.821310","5","10","U0HTJ2DK6","U0J0XLJUD","U0HTQ6XQQ","U0HTVTLBS"
"core.FoosballMatch","21b26721","2016-12-15T18:26:08.293010","5","10","U0HTPM4P8","U0J0XLJUD","U0J8ETRH7","U0JBNHJ3X"
"core.FoosballMatch","ba45dd6f","2016-08-19T17:49:40.649183","9","10","U0J8ETRH7","U0HTPM4P8","U0HTQJMHN","U0HTVTLBS"
"core.FoosballMatch","33d294ff","2016-08-26T16:52:02.423013","10","6","U0W5T83EK","U17V6C5K6","U0HTRQ5HQ","U1CUW4Z7S"
"core.FoosballMatch","6841da24","2016-12-09T14:07:47.671257","10","8","U0HTPS3JS","U0J8ETRH7","U0HTPM4P8","U0HTVEJKC"
"core.FoosballMatch","c1209ee7","2016-10-04T13:42:37.193428","5","10","U0JBNHJ3X","U0J8ETRH7","U0J0XLJUD","U0KA76231"
"core.FoosballMatch","2988d157","2016-12-09T14:44:46.553221","10","8","U0HTPS3JS","U0KCZ16LT","U0HTVTLBS","U0HTVEJKC"
"core.FoosballMatch","e03aea36","2016-09-27T17:42:51.045565","10","5","U1CUW4Z7S","U0KCZ16LT","U0J13UGAF","U0HTPS3JS"
"core.FoosballMatch","c1856a5b","2016-12-02T14:27:27.731192","10","4","U0HTPM4P8","U0HTPS3JS","U0HTSHTR9","U0HTVEJKC"
"core.FoosballMatch","0d134343","2016-11-17T15:26:43.784406","10","6","U0HTVEJKC","U0HTSHTR9","U0HTR4KRT","U0HTPS3JS"
"core.FoosballMatch","b3f281d9","2016-12-08T17:09:16.907234","10","2","U0HTR4KRT","U0J8ETRH7","U0KA76231","U0HTVTLBS"
"core.FoosballMatch","ace75328","2016-12-07T10:45:01.818481","10","3","U0HTQ6XQQ","U0HTVTLBS","U0HTSHTR9","U0KCZ16LT"
"core.FoosballMatch","bc1d821c","2016-08-10T15:30:40.657984","10","6","U0KA76231","U0HTPM4P8","U0J13UGAF","U0J8ETRH7"
"core.FoosballMatch","446bef30","2016-07-26T17:07:56.780441","10","4","U17V6C5K6","U0JBNHJ3X","U0J8ETRH7","U0J13UGAF"
"core.FoosballMatch","307bc3c1","2016-07-26T17:25:40.994698","10","7","U0HTPM4P8","U0HTQ6XQQ","U0HTVEJKC","U0HTVTLBS"
"core.FoosballMatch","9fab95e3","2016-07-21T14:34:45.576816","10","6","U0W5T83EK","U0JBNHJ3X","U1CUW4Z7S","U0J8ETRH7"
"core.FoosballMatch","82725d89","2016-07-26T14:50:33.926768","10","8","U0HTVTLBS","U0HTPM4P8","U0HTSHTR9","U0HTVEJKC"
"core.FoosballMatch","3a72cd8d","2016-12-08T15:59:25.035780","10","7","U0JBNHJ3X","U0HTPUK8R","U0J0XLJUD","U0HTVTLBS"
"core.FoosballMatch","d5990db9","2016-08-17T13:06:17.726935","10","3","U0HTVTLBS","U0JBNHJ3X","U0HTJ2DK6","U0J8ETRH7"
"core.FoosballMatch","69288a28","2016-08-17T16:32:31.613832","6","10","U0KCZ16LT","U0J0XLJUD","U0HTVTLBS","U07V0F5AS"
"core.FoosballMatch","565a3c76","2016-08-03T12:09:53.961492","10","6","U0HTVEJKC","U0HTSHTR9","U0J0XLJUD","U0HTJ2DK6"
"core.FoosballMatch","82e857c5","2016-10-24T17:09:13.266491","10","6","U0HTVTLBS","U0HTJ2DK6","U0HTPM4P8","U0HTQJMHN"
"core.FoosballMatch","a1861c2b","2016-12-20T16:07:38.645262","10","9","U0HTVTLBS","U1CUW4Z7S","U0KCZ16LT","U0J8ETRH7"
"core.FoosballMatch","ca6dc460","2016-11-24T18:49:15.078928","10","6","U0HTQJMHN","U0HTRQ5HQ","U0HTQ6XQQ","U0JBNHJ3X"
"core.FoosballMatch","c6932f32","2016-07-12T17:03:32.204625","10","8","U0HTSHTR9","U0JBNHJ3X","U0W5T83EK","U0J8ETRH7"
"core.FoosballMatch","db262c1e","2016-07-26T17:25:55.052346","10","8","U0HTPM4P8","U0HTQ6XQQ","U0JBNHJ3X","U0HTVTLBS"
"core.FoosballMatch","3758e77b","2016-11-08T17:44:05.806522","10","6","U1CUW4Z7S","U0KCZ16LT","U0JBNHJ3X","U0J8ETRH7"
"core.FoosballMatch","ae0eee5e","2016-12-02T12:00:40.292075","10","9","U0J13UGAF","U0HTRQ5HQ","U0KCZ16LT","U0J8ETRH7"
"core.FoosballMatch","7e745291","2016-11-23T11:27:06.984758","2","10","U0HTR4KRT","U0J0XLJUD","U0HTSHTR9","U0HTPM4P8"
"core.FoosballMatch","5414ebce","2016-08-15T12:28:15.928289","6","10","U0J0XLJUD","U0JBNHJ3X","U0HTQJMHN","U0HTQ6XQQ"
"core.FoosballMatch","bf5b7ded","2016-10-24T14:10:01.101313","10","9","U0HTSHTR9","U0HTQ6XQQ","U0J8ETRH7","U1CUW4Z7S"
"core.FoosballMatch","52675835","2016-08-04T17:35:05.302412","5","10","U0HTSHTR9","U0HTVEJKC","U0834SYHL","U0HTPM4P8"
"core.FoosballMatch","ec19b214","2016-09-15T16:08:13.432167","8","10","U0HTVTLBS","U0HTVEJKC","U0HTQJMHN","U0HTSHTR9"
"core.FoosballMatch","c7052f63","2016-07-29T14:50:22.029756","5","10","U0HTVTLBS","U0JBNHJ3X","U0J0XLJUD","U0HTSHTR9"
"core.FoosballMatch","4c73e648","2016-11-10T14:55:57.647268","10","3","U0HTPUK8R","U2SDVEFL0","U0HTPM4P8","U0KCZ16LT"
"core.FoosballMatch","3a03c2a1","2016-08-10T17:29:33.177784","10","8","U0HTSHTR9","U0J0XLJUD","U0HTQJMHN","U0HTQ6XQQ"
"core.FoosballMatch","e5f9b94f","2016-09-22T16:17:49.632560","2","10","U1CUW4Z7S","U0KCZ16LT","U0HTVTLBS","U0JBNHJ3X"
"core.FoosballMatch","d365cdc1","2016-07-20T17:48:06.144499","6","10","U0HTVEJKC","U0J0XLJUD","U0HTQJMHN","U0HTVTLBS"
"core.FoosballMatch","ed3d8f59","2016-08-05T17:34:10.130488","10","8","U0W5T83EK","U17V6C5K6","U0HTPM4P8","U0J0XLJUD"
"core.FoosballMatch","957bdde5","2016-10-13T12:18:28.234121","10","7","U0J0XLJUD","U0HTPM4P8","U0HTSHTR9","U0HTRQ5HQ"
"core.FoosballMatch","c5fbb064","2016-11-04T13:36:51.707685","7","10","U0HTVTLBS","U0HTR4KRT","U0HTSHTR9","U0HTJ2DK6"
"core.FoosballMatch","5ec55848","2016-08-22T12:14:33.103860","10","4","U0JBNHJ3X","U0HTJ2DK6","U0J0XLJUD","U0HTPS3JS"
"core.FoosballMatch","c20de4ac","2016-11-24T18:49:45.089560","1","10","U0HTQJMHN","U0HTRQ5HQ","U0HTQ6XQQ","U0JBNHJ3X"
"core.FoosballMatch","7d0069ca","2016-11-24T17:55:58.424316","6","10","U0J0XLJUD","U0JBNHJ3X","U0HTJ2DK6","U0HTVEJKC"
"core.FoosballMatch","e4234343","2016-07-29T17:53:17.033044","10","4","U0W5T83EK","U0HTQ6XQQ","U0JBNHJ3X","U0J0XLJUD"
"core.FoosballMatch","4b2ecda0","2016-07-20T11:52:09.112037","10","7","U0HTVTLBS","U0HTJ2DK6","U0HTPM4P8","U0J0XLJUD"
"core.FoosballMatch","28170cfe","2016-11-21T14:13:40.508697","9","10","U0HTR4KRT","U0HTVTLBS","U0HTPM4P8","U0HTSHTR9"
"core.FoosballMatch","75d078c0","2016-08-25T14:58:57.619048","10","8","U0HTVTLBS","U0HTQ6XQQ","U0J0XLJUD","U0HTPS3JS"
"core.FoosballMatch","d4b0f542","2016-12-13T11:41:45.586434","10","4","U0HTR4KRT","U0HTVTLBS","U0HTSHTR9","U0J0XLJUD"
"core.FoosballMatch","56d77718","2016-12-12T18:15:03.461827","10","7","U0HTPM4P8","U0KA76231","U0HTVTLBS","U0JBNHJ3X"
"core.FoosballMatch","b97af994","2016-10-11T11:04:25.587632","9","10","U0J8ETRH7","U0KA76231","U0JBNHJ3X","U0HTVTLBS"
"core.FoosballMatch","bffbcd9c","2016-08-12T12:49:23.112362","8","10","U0KA76231","U0J13UGAF","U07V0F5AS","U0J8ETRH7"
"core.FoosballMatch","702dd46f","2016-12-05T16:29:34.700095","10","7","U0HTVTLBS","U0HTQJMHN","U0KA76231","U0J8ETRH7"
"core.FoosballMatch","948f8890","2016-10-26T14:27:19.401251","10","7","U0KA76231","U0JBNHJ3X","U0HTPM4P8","U1CUW4Z7S"
"core.FoosballMatch","df3e5114","2016-09-09T17:19:36.302615","10","8","U0HTJ2DK6","U0HTQ6XQQ","U1CUW4Z7S","U0J8ETRH7"
"core.FoosballMatch","3abe8ab1","2016-07-28T18:00:18.514348","10","4","U1CUW4Z7S","U17V6C5K6","U0HTPM4P8","U0HTRQ5HQ"
"core.FoosballMatch","d2b7c4ca","2016-09-30T11:17:11.398932","7","10","U1CUW4Z7S","U0HTVEJKC","U0KCZ16LT","U0KA76231"
"core.FoosballMatch","e99e51f3","2016-12-23T12:35:27.170163","7","10","U0JBNHJ3X","U1CUW4Z7S","U0HTPS3JS","U0HTVTLBS"
"core.FoosballMatch","8dd1c062","2016-09-14T14:32:58.808984","10","9","U0KA76231","U0HTVEJKC","U0KCZ16LT","U0JBNHJ3X"
"core.FoosballMatch","83f0ad95","2016-12-09T14:06:02.055782","10","4","U0HTPS3JS","U0HTVEJKC","U0HTPM4P8","U0J8ETRH7"
"core.FoosballMatch","1a67477b","2016-12-15T18:25:25.399508","7","10","U0HTVEJKC","U0J0XLJUD","U0HTPS3JS","U0KA76231"
"core.FoosballMatch","e1221a6b","2016-12-05T16:29:22.852857","10","8","U0HTVTLBS","U0HTQJMHN","U0KA76231","U0J8ETRH7"
"core.FoosballMatch","62b3ba5b","2016-12-15T18:25:50.563143","6","10","U0HTPM4P8","U0J0XLJUD","U0HTPS3JS","U0KA76231"
"core.FoosballMatch","a5140fc4","2016-07-29T17:52:52.213680","10","7","U0W5T83EK","U0HTQ6XQQ","U0JBNHJ3X","U0J0XLJUD"
"core.FoosballMatch","e8f10077","2016-07-28T18:12:11.481426","10","7","U1CUW4Z7S","U0HTVTLBS","U0HTRQ5HQ","U17V6C5K6"
"core.FoosballMatch","cf585e76","2016-07-19T18:08:16.560942","8","10","U0HTVEJKC","U0HTQ6XQQ","U0HTSHTR9","U0JBNHJ3X"
"core.FoosballMatch","87475853","2016-10-11T12:51:11.322926","6","10","U0J8ETRH7","U0KA76231","U0JBNHJ3X","U0KCZ16LT"
"core.FoosballMatch","974d7755","2016-09-16T17:11:15.393291","8","10","U0HTVTLBS","U0KA76231","U0JBNHJ3X","U1CUW4Z7S"
"core.FoosballMatch","7451bf35","2016-10-24T09:54:16.698690","10","8","U0HTVTLBS","U0HTJ2DK6","U0HTSHTR9","U0HTVEJKC"
"core.FoosballMatch","95dc08c4","2016-09-21T10:42:34.685790","10","5","U0HTVTLBS","U0J0XLJUD","U0JBNHJ3X","U0KCZ16LT"
"core.FoosballMatch","68321e91","2016-10-03T16:59:27.476109","5","10","U0KA76231","U1CUW4Z7S","U0JBNHJ3X","U0HTRQ5HQ"
"core.FoosballMatch","9c719aba","2016-08-17T17:05:01.647637","10","9","U0HTVTLBS","U0HTPM4P8","U0JBNHJ3X","U0J8ETRH7"
"core.FoosballMatch","02f6efa8","2016-09-27T13:39:30.418351","7","10","U0JBNHJ3X","U0J8ETRH7","U0KCZ16LT","U1CUW4Z7S"
"core.FoosballMatch","a10058b7","2016-07-13T12:31:21.879481","10","6","U0HTVTLBS","U0JBNHJ3X","U0J8ETRH7","U0HTPS3JS"
"core.FoosballMatch","6889f102","2016-12-01T18:28:30.316415","10","8","U0HTQ6XQQ","U0J0XLJUD","U0HTJ2DK6","U0HTQJMHN"
"core.FoosballMatch","9b5875c4","2016-09-21T13:21:44.611358","5","10","U0KA76231","U0JBNHJ3X","U0HTVEJKC","U0HTVTLBS"
"core.FoosballMatch","0c83400d","2016-11-23T18:19:43.560978","10","2","U0HTR4KRT","U0HTJ2DK6","U0HTPM4P8","U0HTQ6XQQ"
"core.FoosballMatch","c7ddd88c","2016-12-21T17:30:21.474793","8","10","U0J8ETRH7","U0HTPS3JS","U0JBNHJ3X","U0HTR4KRT"
"core.FoosballMatch","dac7cd0f","2016-08-08T11:48:54.298952","10","7","U0HTSHTR9","U0JBNHJ3X","U0HTPM4P8","U0HTJ2DK6"
"core.FoosballMatch","6e55186d","2016-09-21T13:22:33.384257","8","10","U0KA76231","U0JBNHJ3X","U0J0XLJUD","U0J13UGAF"
"core.FoosballMatch","3c894309","2016-08-19T11:45:21.145795","4","10","U0KA76231","U0J8ETRH7","U1CUW4Z7S","U0JBNHJ3X"
"core.FoosballMatch","2aaafe99","2016-10-18T14:55:17.027806","6","10","U1CUW4Z7S","U0KA76231","U0J8ETRH7","U0HTR4KRT"
"core.FoosballMatch","5761ca29","2016-10-26T12:17:58.594038","10","7","U0HTVTLBS","U0HTPM4P8","U0HTSHTR9","U0HTR4KRT"
"core.FoosballMatch","0519a6d5","2016-07-15T17:24:58.146362","10","8","U0JBNHJ3X","U0UEK3GMR","U1CUW4Z7S","U16DF5LQH"
"core.FoosballMatch","f779aec9","2016-10-31T16:49:16.967339","10","9","U0JBNHJ3X","U0HTVTLBS","U0HTQJMHN","U0HTPM4P8"
"core.FoosballMatch","6410f667","2016-09-14T11:10:17.585577","10","5","U0JBNHJ3X","U0HTPUK8R","U0KCZ16LT","U0HTVEJKC"
"core.FoosballMatch","d157c729","2016-12-08T12:50:29.311156","10","5","U0HTPS3JS","U0HTR4KRT","U0HTPM4P8","U0HTVTLBS"
"core.FoosballMatch","4b3c8446","2016-11-08T18:06:48.368703","10","5","U0KCZ16LT","U0J8ETRH7","U0HTQJMHN","U0JBNHJ3X"
"core.FoosballMatch","be6d2471","2016-11-09T16:14:18.801544","10","7","U0J13UGAF","U0J8ETRH7","U1CUW4Z7S","U0KCZ16LT"
"core.FoosballMatch","cbbde9e1","2016-11-17T12:44:33.545900","8","10","U0HTPS3JS","U0HTVEJKC","U0HTSHTR9","U0HTPM4P8"
"core.FoosballMatch","f2139c65","2016-12-20T17:10:20.110340","4","10","U0HTVEJKC","U0HTVTLBS","U0HTPM4P8","U0HTR4KRT"
"core.FoosballMatch","51299beb","2016-08-03T11:31:53.798573","10","9","U0HTVEJKC","U0HTPM4P8","U0J0XLJUD","U0JBNHJ3X"
"core.FoosballMatch","465e0227","2016-10-26T12:35:14.653099","4","10","U0HTVTLBS","U0J0XLJUD","U0HTPS3JS","U0HTSHTR9"
"core.FoosballMatch","32506fd4","2016-09-05T12:41:59.037766","10","4","U0J0XLJUD","U1CUW4Z7S","U0J13UGAF","U0J8ETRH7"
"core.FoosballMatch","2a9d3dcf","2016-11-10T17:54:10.166217","9","10","U0J8ETRH7","U0KCZ16LT","U1CUW4Z7S","U0JBNHJ3X"
"core.FoosballMatch","36f10c4c","2016-11-02T15:36:12.172455","9","10","U1CUW4Z7S","U0KA76231","U0JBNHJ3X","U0J8ETRH7"
"core.FoosballMatch","bc2f5638","2016-08-11T16:52:00.065151","10","2","U0HTPM4P8","U0HTSHTR9","U0HTQJMHN","U0HTVEJKC"
"core.FoosballMatch","067717cc","2016-08-31T17:11:21.332293","10","7","U0HTPM4P8","U0HTQ6XQQ","U0HTQJMHN","U0HTVTLBS"
"core.FoosballMatch","3a4656ee","2016-09-05T17:44:01.751296","8","10","U0HTQ6XQQ","U0J0XLJUD","U0HTQJMHN","U0HTVTLBS"
"core.FoosballMatch","ef52d61e","2016-11-28T16:28:39.219575","10","8","U0HTR4KRT","U0KCZ16LT","U0HTPM4P8","U0KA76231"
"core.FoosballMatch","c207011b","2016-11-18T11:46:03.312673","9","10","U0KCZ16LT","U0HTRQ5HQ","U1CUW4Z7S","U0HTR4KRT"
"core.FoosballMatch","4c962baa","2016-08-17T11:23:53.567997","10","5","U0HTVTLBS","U0JBNHJ3X","U0HTSHTR9","U0HTVEJKC"
"core.FoosballMatch","6cd90ac2","2016-12-21T15:33:14.039218","10","7","U0J8ETRH7","U1CUW4Z7S","U0KCZ16LT","U0JBNHJ3X"
"core.FoosballMatch","8acd6993","2016-12-08T11:28:21.313733","10","4","U0HTVTLBS","U0HTPM4P8","U0HTPS3JS","U0HTVEJKC"
"core.FoosballMatch","3c449368","2016-11-24T17:42:57.454754","10","1","U1CUW4Z7S","U0HTPM4P8","U0J13UGAF","U0J8ETRH7"
"core.FoosballMatch","cf60c0b9","2016-12-14T13:58:33.004743","10","4","U0KA76231","U0JBNHJ3X","U0HTVEJKC","U0J8ETRH7"
"core.FoosballMatch","8fd45313","2016-10-05T11:17:37.661562","8","10","U1CUW4Z7S","U0HTVEJKC","U0JBNHJ3X","U0J8ETRH7"
"core.FoosballMatch","aa6d3e32","2016-09-16T15:48:18.459083","10","7","U0KA76231","U1CUW4Z7S","U0HTQ6XQQ","U0J8ETRH7"
"core.FoosballMatch","d96d305e","2016-07-19T17:50:31.973230","10","8","U0HTVTLBS","U0JBNHJ3X","U0HTSHTR9","U0J0XLJUD"
"core.FoosballMatch","1d591b95","2016-11-18T12:02:43.183384","3","10","U0HTVEJKC","U0HTQ6XQQ","U0HTSHTR9","U0HTPM4P8"
"core.FoosballMatch","515c8c94","2016-12-21T15:33:45.756533","9","10","U0J8ETRH7","U0J0XLJUD","U0KCZ16LT","U0JBNHJ3X"
"core.FoosballMatch","add9a0f4","2016-08-23T16:20:36.908557","6","10","U0HTPS3JS","U0J0XLJUD","U0HTPM4P8","U0JBNHJ3X"
"core.FoosballMatch","715a4e21","2016-10-03T12:24:30.362759","5","10","U1CUW4Z7S","U0KA76231","U0J13UGAF","U0JBNHJ3X"
"core.FoosballMatch","d430179e","2016-10-19T14:32:46.737987","6","10","U0HTR4KRT","U0HTQJMHN","U0HTVEJKC","U0HTVTLBS"
"core.FoosballMatch","177641c3","2016-09-28T10:25:51.829230","10","8","U0HTSHTR9","U0HTQ6XQQ","U0HTVTLBS","U1CUW4Z7S"
"core.FoosballMatch","8a539a67","2016-10-10T12:49:17.520460","10","9","U0JBNHJ3X","U0HTSHTR9","U0HTVTLBS","U0KA76231"
"core.FoosballMatch","3a26e361","2016-12-07T17:28:28.293790","10","8","U0J8ETRH7","U0HTVEJKC","U0KA76231","U0JBNHJ3X"
"core.FoosballMatch","3aee5e5c","2016-12-08T15:59:29.035858","2","10","U0JBNHJ3X","U0HTPUK8R","U0J0XLJUD","U0HTVTLBS"
"core.FoosballMatch","52a6c134","2016-10-03T14:18:17.036728","7","10","U0KA76231","U1CUW4Z7S","U0J8ETRH7","U0JBNHJ3X"
"core.FoosballMatch","7844d396","2016-10-07T17:22:40.220111","10","4","U17V6C5K6","U0JBNHJ3X","U0HTPM4P8","U0J8ETRH7"
"core.FoosballMatch","9fff448a","2016-09-07T11:08:11.237946","10","6","U0J0XLJUD","U0HTJ2DK6","U0HTPS3JS","U0HTVEJKC"
"core.FoosballMatch","f9ffadc0","2016-12-12T17:14:13.348172","4","10","U0J0XLJUD","U0HTPM4P8","U0HTSHTR9","U0HTVTLBS"
"core.FoosballMatch","2aaeb350","2016-07-15T16:08:28.186802","10","8","U17V6C5K6","U0JBNHJ3X","U0HTVTLBS","U0HTPM4P8"
"core.FoosballMatch","d3443f48","2016-11-18T14:38:14.077701","6","10","U0J8ETRH7","U0JNVCVRT","U0HTRQ5HQ","U1CUW4Z7S"
"core.FoosballMatch","eb2ed8ac","2016-08-24T16:42:13.223858","10","3","U0HTPS3JS","U0HTQ6XQQ","U0HTQJMHN","U0HTVTLBS"
"core.FoosballMatch","b4927655","2016-12-01T11:37:32.125249","6","10","U0J8ETRH7","U0JBNHJ3X","U0KCZ16LT","U0KA76231"
"core.FoosballMatch","cf5c73e6","2016-08-08T13:10:09.621848","10","7","U0KA76231","U1CUW4Z7S","U0J8ETRH7","U0J13UGAF"
"core.FoosballMatch","ab1e089f","2016-11-03T16:10:28.428434","5","10","U0J8ETRH7","U0J0XLJUD","U0KA76231","U1CUW4Z7S"
"core.FoosballMatch","3671da46","2016-08-11T11:55:28.038974","10","4","U0W5T83EK","U17V6C5K6","U0J8LB74P","U0J8ETRH7"
"core.FoosballMatch","b7b96a41","2016-12-02T15:13:57.902497","10","6","U0HTPS3JS","U0KCZ16LT","U1CUW4Z7S","U0HTRQ5HQ"
"core.FoosballMatch","2a32d1ca","2016-11-22T17:08:40.859579","10","4","U0KCZ16LT","U0KA76231","U0JBNHJ3X","U0J8ETRH7"
"core.FoosballMatch","8bcd32eb","2016-08-17T16:32:26.322935","2","10","U0KCZ16LT","U0J0XLJUD","U0HTVTLBS","U07V0F5AS"
"core.FoosballMatch","a58dbbd0","2016-07-14T13:53:17.435019","10","5","U0KCZ16LT","U0J8ETRH7","U07V0F5AS","U0HTVEJKC"
"core.FoosballMatch","def30a4e","2016-11-23T12:03:17.363773","5","10","U0JBNHJ3X","U0HTPUK8R","U0KCZ16LT","U0KA76231"
"core.FoosballMatch","c4735a1b","2016-10-26T15:44:23.339041","5","10","U0HTJ2DK6","U0HTVEJKC","U0HTPS3JS","U0HTSHTR9"
"core.FoosballMatch","34cdcb64","2016-12-07T17:28:47.766967","8","10","U0J8ETRH7","U0HTVEJKC","U0KA76231","U0JBNHJ3X"
"core.FoosballMatch","9724e5cc","2016-10-24T14:22:04.267532","3","10","U0J13UGAF","U0J0XLJUD","U07V0F5AS","U0HTVTLBS"
"core.FoosballMatch","19bd63f1","2016-11-07T14:09:31.554908","10","5","U0HTR4KRT","U0HTSHTR9","U0KA76231","U0HTVTLBS"
"core.FoosballMatch","661adec2","2016-08-09T15:18:34.329552","10","5","U1CUW4Z7S","U17V6C5K6","U0KA76231","U0J8ETRH7"
"core.FoosballMatch","839a9e80","2016-11-16T17:25:05.950233","3","10","U1CUW4Z7S","U0KCZ16LT","U0JBNHJ3X","U0HTSHTR9"
"core.FoosballMatch","eb8fd95a","2016-12-06T17:53:29.795730","10","4","U0HTJ2DK6","U0J0XLJUD","U0HTQJMHN","U0HTVTLBS"
"core.FoosballMatch","27e191c5","2016-10-17T12:37:57.134765","10","5","U1CUW4Z7S","U0KA76231","U0J13UGAF","U0J8ETRH7"
"core.FoosballMatch","293f950d","2016-08-09T15:21:04.748192","10","4","U1CUW4Z7S","U07V0F5AS","U0J13UGAF","U0KA76231"
"core.FoosballMatch","dcc587fb","2016-12-09T18:56:48.184095","10","6","U0KA76231","U0HTPM4P8","U0HTVTLBS","U0HTQJMHN"
"core.FoosballMatch","e8e19fbf","2016-10-04T16:48:58.843413","7","10","U0KA76231","U1CUW4Z7S","U0J8ETRH7","U0J13UGAF"
"core.FoosballMatch","f2b7c928","2016-09-13T11:25:40.668584","10","3","U0HTJ2DK6","U0HTVEJKC","U0HTQJMHN","U0HTVTLBS"
"core.FoosballMatch","4389b102","2016-12-22T14:09:04.078642","10","2","U0HTPS3JS","U0HTSHTR9","U0JBNHJ3X","U0HTRQ5HQ"
"core.FoosballMatch","c8f0159b","2016-11-18T17:35:58.980845","10","8","U0KA76231","U0KCZ16LT","U0JBNHJ3X","U0J8ETRH7"
"core.FoosballMatch","26fef02f","2016-09-19T12:39:40.865645","9","10","U0HTVEJKC","U0HTVTLBS","U0HTSHTR9","U0JBNHJ3X"
"core.FoosballMatch","81cf10f1","2016-09-09T12:43:23.015251","10","3","U0HTSHTR9","U0HTVEJKC","U0J8ETRH7","U0J13UGAF"
"core.FoosballMatch","c3803138","2016-11-23T16:47:11.113866","5","10","U0JNVCVRT","U0HTR4KRT","U0KCZ16LT","U0HTVTLBS"
"core.FoosballMatch","53ab0dc8","2016-09-08T13:24:31.508745","5","10","U0HTSHTR9","U0HTQJMHN","U0HTVTLBS","U0HTPM4P8"
"core.FoosballMatch","e7cce5d0","2016-12-14T13:39:14.567029","8","10","U0HTSHTR9","U0J0XLJUD","U0HTPM4P8","U0HTVEJKC"
"core.FoosballMatch","2bba4ce8","2016-11-08T17:44:13.941076","10","7","U1CUW4Z7S","U0HTPM4P8","U0JBNHJ3X","U0J8ETRH7"
"core.FoosballMatch","59fd1a52","2016-10-26T14:10:42.947799","8","10","U0KA76231","U0J8ETRH7","U0HTPM4P8","U1CUW4Z7S"
"core.FoosballMatch","37a618a5","2016-10-28T13:55:57.556070","10","4","U1CUW4Z7S","U0HTPM4P8","U0HTSHTR9","U0KA76231"
"core.FoosballMatch","67c9bbda","2016-09-26T11:24:03.443663","10","7","U1CUW4Z7S","U0KA76231","U0J8ETRH7","U0J13UGAF"
"core.FoosballMatch","293e1f78","2016-09-15T12:26:16.225788","5","10","U0JBNHJ3X","U0J8ETRH7","U0HTQJMHN","U0HTVTLBS"
"core.FoosballMatch","d2506385","2016-11-08T15:32:45.611491","4","10","U0KA76231","U0HTVTLBS","U0HTSHTR9","U0J8ETRH7"
"core.FoosballMatch","7f7bd165","2016-10-03T17:16:40.033974","5","10","U0HTVTLBS","U17V6C5K6","U0JBNHJ3X","U0HTSHTR9"
"core.FoosballMatch","8c18be84","2016-09-26T12:23:42.000887","10","5","U0HTQ6XQQ","U0J0XLJUD","U0HTQJMHN","U0HTVEJKC"
"core.FoosballMatch","ca67d206","2016-10-20T12:53:01.478624","10","3","U0HTR4KRT","U0HTVEJKC","U0HTPM4P8","U0JBNHJ3X"
"core.FoosballMatch","53eb4b20","2016-11-25T16:47:27.186021","7","10","U0KCZ16LT","U0HTQ6XQQ","U0HTQJMHN","U0HTVTLBS"
"core.FoosballMatch","5e9d0e06","2016-10-19T16:21:36.846051","10","7","U0HTVTLBS","U1CUW4Z7S","U0KA76231","U0HTJ2DK6"
"core.FoosballMatch","856a0d60","2016-08-04T16:52:27.801363","6","10","U0JBNHJ3X","U0J8ETRH7","U0J13UGAF","U07V0F5AS"
"core.FoosballMatch","c3cb57d0","2016-10-24T12:53:26.967856","10","7","U0HTVEJKC","U0J0XLJUD","U0HTSHTR9","U0HTPM4P8"
"core.FoosballMatch","26bbbfc9","2016-07-22T11:55:43.923923","6","10","U0HTQJMHN","U0JBNHJ3X","U0HTPS3JS","U0HTVEJKC"
"core.FoosballMatch","b7fcb880","2016-09-14T15:44:23.661440","10","8","U0HTSHTR9","U0HTJ2DK6","U0KA76231","U0HTVTLBS"
"core.FoosballMatch","f5016890","2016-11-23T15:05:01.157896","10","8","U0JBNHJ3X","U0J8ETRH7","U0KCZ16LT","U0J13UGAF"
"core.FoosballMatch","5107a5ba","2016-12-01T12:54:48.027435","9","10","U0HTVEJKC","U0J0XLJUD","U0HTPM4P8","U0HTVTLBS"
"core.FoosballMatch","3bad9052","2016-11-18T18:13:02.674880","8","10","U0JBNHJ3X","U0HTQ6XQQ","U0HTPM4P8","U0J8ETRH7"
"core.FoosballMatch","21a877f8","2016-12-06T14:53:46.975467","5","10","U0J8ETRH7","U0JBNHJ3X","U0J0XLJUD","U0HTSHTR9"
"core.FoosballMatch","17e6a282","2016-07-12T17:04:08.792274","6","10","U0KCZ16LT","U0J8ETRH7","U1CUW4Z7S","U0HTQJMHN"
"core.FoosballMatch","3d7424f2","2016-08-25T16:49:48.641959","10","7","U0HTPS3JS","U0J8ETRH7","U0HTPM4P8","U0JBNHJ3X"
"core.FoosballMatch","17415208","2016-11-18T11:45:51.826599","3","10","U0KCZ16LT","U0HTRQ5HQ","U1CUW4Z7S","U0HTR4KRT"
"core.FoosballMatch","d8936203","2016-08-30T17:24:56.187218","9","10","U0J0XLJUD","U0HTQ6XQQ","U1CUW4Z7S","U0HTVTLBS"
"core.FoosballMatch","f28c7c54","2016-12-02T15:14:31.540429","10","4","U0HTPS3JS","U0KCZ16LT","U1CUW4Z7S","U0HTRQ5HQ"
"core.FoosballMatch","a36b5f69","2016-10-12T13:48:28.279186","7","10","U0KA76231","U1CUW4Z7S","U0HTVTLBS","U0JBNHJ3X"
"core.FoosballMatch","749a9393","2016-08-24T15:56:04.332518","10","7","U1CUW4Z7S","U0JBNHJ3X","U0JNVCVRT","U0J8ETRH7"
"core.FoosballMatch","e3ede3fa","2016-09-05T16:03:17.913433","9","10","U0W5T83EK","U0HTPUK8R","U0HTPM4P8","U1CUW4Z7S"
"core.FoosballMatch","74c091e3","2016-08-25T11:53:50.799869","8","10","U0HTRQ5HQ","U0JBNHJ3X","U1CUW4Z7S","U0HTPS3JS"
"core.FoosballMatch","48077546","2016-12-05T16:10:09.227063","3","10","U0KA76231","U0J8ETRH7","U0HTSHTR9","U0JBNHJ3X"
"core.FoosballMatch","f4fa229b","2016-09-29T15:09:26.434166","10","7","U1CUW4Z7S","U0HTSHTR9","U0KA76231","U0KCZ16LT"
"core.FoosballMatch","62cdca8d","2016-11-23T15:34:02.097017","10","3","U0HTR4KRT","U0HTPM4P8","U0HTSHTR9","U0J0XLJUD"
"core.FoosballMatch","11d42204","2016-10-12T15:09:37.656240","9","10","U1CUW4Z7S","U0HTVEJKC","U0HTPM4P8","U0KA76231"
"core.FoosballMatch","d04591ff","2016-10-18T17:08:49.830810","10","8","U0KA76231","U0HTPM4P8","U0HTJ2DK6","U0HTVTLBS"
"core.FoosballMatch","9b20a49b","2016-11-24T15:06:42.303440","10","4","U0KA76231","U0HTPUK8R","U0JNVCVRT","U0HTQJMHN"
"core.FoosballMatch","d97f681f","2016-07-22T11:02:55.844469","8","10","U0J8ETRH7","U0JBNHJ3X","U0J13UGAF","U0HTRQ5HQ"
"core.FoosballMatch","64b49843","2016-10-28T16:05:22.679794","10","6","U0HTPM4P8","U0J8ETRH7","U0HTVTLBS","U0KA76231"
"core.FoosballMatch","9f440a00","2016-09-29T12:47:43.555475","10","7","U0HTVTLBS","U0HTPUK8R","U0HTSHTR9","U0HTJ2DK6"
"core.FoosballMatch","329bc50f","2016-07-27T11:05:50.014878","10","9","U0HTQ6XQQ","U0HTVEJKC","U0HTVTLBS","U0J0XLJUD"
"core.FoosballMatch","49f75141","2016-12-08T17:46:44.474847","10","5","U0HTPUK8R","U0KCZ16LT","U0JBNHJ3X","U0J8ETRH7"
"core.FoosballMatch","3bc1fca5","2016-07-15T12:21:55.248804","8","10","U0HTVTLBS","U0J8ETRH7","U0HTPM4P8","U0HTSHTR9"
"core.FoosballMatch","5499b3b6","2016-12-13T16:22:19.725611","10","8","U0KA76231","U0J13UGAF","U0HTVTLBS","U0JBNHJ3X"
"core.FoosballMatch","4fee1897","2016-12-21T18:35:02.038978","6","10","U0HTPS3JS","U0HTQJMHN","U0HTPM4P8","U0HTVTLBS"
"core.FoosballMatch","825b4891","2016-11-03T14:21:22.031851","9","10","U0J13UGAF","U0KA76231","U0HTPS3JS","U0HTVTLBS"
"core.FoosballMatch","8a346018","2016-12-22T11:45:09.620048","8","10","U0HTSHTR9","U0HTR4KRT","U0HTVEJKC","U0HTPS3JS"
"core.FoosballMatch","e66cd0b9","2016-09-22T13:50:37.450307","6","10","U0HTQ6XQQ","U0J0XLJUD","U0JBNHJ3X","U0KCZ16LT"
"core.FoosballMatch","85f7c876","2016-11-25T16:46:48.138444","10","2","U0KCZ16LT","U0HTQ6XQQ","U0HTQJMHN","U0HTVTLBS"
"core.FoosballMatch","d69d75e5","2016-11-18T10:57:28.681604","10","4","U0HTPUK8R","U0HTRQ5HQ","U0KA76231","U0JBNHJ3X"
"core.FoosballMatch","c4b6a311","2016-11-10T17:21:47.186249","10","9","U0HTJ2DK6","U0JBNHJ3X","U0HTPM4P8","U0HTR4KRT"
"core.FoosballMatch","f1c457e2","2016-10-25T16:31:49.275846","6","10","U0J8ETRH7","U0HTVEJKC","U0JBNHJ3X","U0KA76231"
"core.FoosballMatch","0d324f37","2016-08-10T15:43:32.156495","10","3","U0HTQ6XQQ","U0HTSHTR9","U0HTPS3JS","U0HTVEJKC"
"core.FoosballMatch","b8a79a74","2016-09-19T12:56:28.660030","6","10","U0HTVTLBS","U0HTVEJKC","U1CUW4Z7S","U0KA76231"
"core.FoosballMatch","578f9c12","2016-10-27T15:05:39.382640","10","7","U0HTPM4P8","U0HTSHTR9","U0KA76231","U0HTPS3JS"
"core.FoosballMatch","5be4bc1a","2016-10-06T10:51:04.960378","10","2","U0HTVTLBS","U0HTJ2DK6","U0HTSHTR9","U0HTVEJKC"
"core.FoosballMatch","3e86d5b7","2016-11-22T18:38:23.540146","10","4","U0HTVTLBS","U0HTQ6XQQ","U0HTQJMHN","U0HTJ2DK6"
"core.FoosballMatch","96ee9d35","2016-10-28T16:04:31.313538","5","10","U1CUW4Z7S","U0KA76231","U0W5T83EK","U0J8ETRH7"
"core.FoosballMatch","2f50c3bc","2016-07-25T15:09:55.742664","10","5","U0HTQJMHN","U0HTPS3JS","U0J8ETRH7","U0JBNHJ3X"
"core.FoosballMatch","6f534eb3","2016-09-01T15:23:48.413330","10","4","U0HTPUK8R","U16DF5LQH","U1CUW4Z7S","U0J13UGAF"
"core.FoosballMatch","4fbac551","2016-08-12T12:08:48.793600","10","2","U0HTSHTR9","U0JBNHJ3X","U0HTQJMHN","U0J0XLJUD"
"core.FoosballMatch","2422423d","2016-08-09T12:28:43.775381","10","1","U0HTPM4P8","U0W5T83EK","U0HTRQ5HQ","U07V0F5AS"
"core.FoosballMatch","2438a270","2016-07-15T14:18:47.285663","10","9","U0J0XLJUD","U0HTVTLBS","U0HTSHTR9","U0HTVEJKC"
"core.FoosballMatch","ce7f4b33","2016-07-26T12:02:22.165264","9","10","U0J13UGAF","U0JBNHJ3X","U0HTVTLBS","U0J0XLJUD"
"core.FoosballMatch","f49b699b","2016-12-07T13:26:23.403497","8","10","U0HTVTLBS","U0JBNHJ3X","U0HTQJMHN","U0HTR4KRT"
"core.FoosballMatch","e9aa5ca4","2016-09-06T17:10:05.616085","5","10","U0HTJ2DK6","U0J0XLJUD","U0HTQ6XQQ","U1CUW4Z7S"
"core.FoosballMatch","cfbab404","2016-12-02T13:57:40.398167","7","10","U0KA76231","U0J8ETRH7","U0HTPUK8R","U0JBNHJ3X"
"core.FoosballMatch","03ab3dda","2016-09-20T13:33:48.173378","7","10","U0J13UGAF","U0HTVEJKC","U0KA76231","U1CUW4Z7S"
"core.FoosballMatch","c9e3c124","2016-12-20T17:40:26.128282","5","10","U0HTPM4P8","U0J0XLJUD","U0HTVTLBS","U0KCZ16LT"
"core.FoosballMatch","4b655065","2016-09-13T11:25:20.484245","10","2","U0HTSHTR9","U0JBNHJ3X","U0HTQJMHN","U0KCZ16LT"
"core.FoosballMatch","a11de077","2016-10-10T16:02:51.537870","9","10","U0J8ETRH7","U0JBNHJ3X","U0KA76231","U1CUW4Z7S"
"core.FoosballMatch","1967d428","2016-07-18T11:36:21.226713","8","10","U0HTVTLBS","U0JBNHJ3X","U0KA76231","U17V6C5K6"
"core.FoosballMatch","f1888da0","2016-12-01T17:32:52.516724","9","10","U0HTPS3JS","U0HTJ2DK6","U0J8ETRH7","U0HTVTLBS"
"core.FoosballMatch","4fbc126d","2016-12-15T16:54:19.494740","10","7","U0KA76231","U0KCZ16LT","U0HTRQ5HQ","U0JBNHJ3X"
"core.FoosballMatch","5e1da7fc","2016-12-08T16:58:51.260386","10","5","U0KA76231","U0HTPS3JS","U0HTPM4P8","U0J8ETRH7"
"core.FoosballMatch","d78d669a","2016-09-15T11:00:46.596592","10","7","U0J0XLJUD","U0HTVTLBS","U0HTSHTR9","U0KCZ16LT"
"core.FoosballMatch","a0e38cf6","2016-07-19T18:08:29.823437","6","10","U0HTVEJKC","U0HTQ6XQQ","U0HTSHTR9","U0JBNHJ3X"
"core.FoosballMatch","c397d51b","2016-11-29T11:52:02.721557","8","10","U0JBNHJ3X","U0KCZ16LT","U0KA76231","U1CUW4Z7S"
"core.FoosballMatch","1f71a0f8","2016-12-23T10:12:29.658117","10","5","U0HTPS3JS","U0HTSHTR9","U0KCZ16LT","U0HTVTLBS"
"core.FoosballMatch","421ecefd","2016-10-05T15:03:05.101763","8","10","U0HTVTLBS","U0HTJ2DK6","U0HTSHTR9","U0HTVEJKC"
"core.FoosballMatch","0a16d58f","2016-12-05T18:24:58.401430","10","1","U0HTJ2DK6","U0HTPM4P8","U0HTQJMHN","U0HTQ6XQQ"
"core.FoosballMatch","0c8b9c56","2016-07-20T11:26:01.370171","10","4","U0J13UGAF","U0HTRQ5HQ","U0JBNHJ3X","U0J8ETRH7"
"core.FoosballMatch","a62ec592","2016-09-06T17:10:09.436831","8","10","U0HTJ2DK6","U0J0XLJUD","U0HTQ6XQQ","U1CUW4Z7S"
"core.FoosballMatch","1d34368b","2016-12-14T18:01:59.629577","10","8","U0J0XLJUD","U0JBNHJ3X","U0HTPM4P8","U0HTQJMHN"
"core.FoosballMatch","74de523e","2016-09-08T12:30:50.133703","10","9","U0HTVEJKC","U1CUW4Z7S","U0J8ETRH7","U0J13UGAF"
"core.FoosballMatch","ab9cd08b","2016-12-14T16:21:26.090857","10","6","U0JBNHJ3X","U0J8ETRH7","U0HTQJMHN","U0KA76231"
"core.FoosballMatch","4644be9c","2016-11-18T12:02:23.382607","8","10","U0HTVEJKC","U0HTQ6XQQ","U0HTSHTR9","U0HTPM4P8"
"core.FoosballMatch","a5f13ea0","2016-07-22T15:39:10.908927","10","8","U0HTPS3JS","U17V6C5K6","U0J8ETRH7","U0HTRQ5HQ"
"core.FoosballMatch","082a9a17","2016-12-22T14:09:58.419225","10","8","U0HTVEJKC","U0HTPS3JS","U0JBNHJ3X","U0HTRQ5HQ"
"core.FoosballMatch","c8b84b76","2016-07-26T11:49:09.762414","10","9","U0HTVTLBS","U0JBNHJ3X","U0HTSHTR9","U0J0XLJUD"
"core.FoosballMatch","3d060b02","2016-12-13T13:13:14.572265","4","10","U0HTQ6XQQ","U0J0XLJUD","U0HTPM4P8","U0HTPS3JS"
"core.FoosballMatch","3f4d17cc","2016-11-25T12:52:25.515186","10","8","U0HTVTLBS","U0J0XLJUD","U0HTVEJKC","U0HTJ2DK6"
"core.FoosballMatch","d0c524b2","2016-09-16T15:48:12.380078","5","10","U0KA76231","U1CUW4Z7S","U0HTQ6XQQ","U0J8ETRH7"
"core.FoosballMatch","418b3cbd","2016-12-12T13:03:27.537368","6","10","U0KA76231","U0HTQ6XQQ","U0JBNHJ3X","U0HTPM4P8"
"core.FoosballMatch","13f34dd5","2016-11-23T15:17:24.183167","8","10","U0JBNHJ3X","U0J8ETRH7","U0HTPM4P8","U0KA76231"
"core.FoosballMatch","27ec5ef0","2016-09-12T17:14:00.599648","10","6","U0KA76231","U1CUW4Z7S","U0J13UGAF","U0J8ETRH7"
"core.FoosballMatch","0e17a119","2016-07-26T14:18:21.018054","1","10","U17V6C5K6","U0J8ETRH7","U0JBNHJ3X","U0KCZ16LT"
"core.FoosballMatch","74803f23","2016-09-29T11:06:09.509167","10","8","U0KA76231","U0J0XLJUD","U0HTVEJKC","U0HTVTLBS"
"core.FoosballMatch","1f733bf8","2016-11-15T14:25:21.672552","10","6","U0KA76231","U0HTPM4P8","U0JBNHJ3X","U0HTVTLBS"
"core.FoosballMatch","c4fe5f39","2016-08-09T12:20:11.597796","10","3","U0JBNHJ3X","U0HTPM4P8","U0J0XLJUD","U0J8ETRH7"
"core.FoosballMatch","1f1c55c2","2016-12-09T14:55:53.914454","5","10","U0HTPS3JS","U0HTQ6XQQ","U0KA76231","U0HTVTLBS"
"core.FoosballMatch","a4d0e636","2016-09-16T18:03:08.162104","10","7","U0HTPUK8R","U0J0XLJUD","U0JBNHJ3X","U0J8ETRH7"
"core.FoosballMatch","1b4d5078","2016-11-16T15:49:38.136297","10","8","U0KCZ16LT","U0J8ETRH7","U0HTVTLBS","U0HTPM4P8"
"core.FoosballMatch","b9ffed4d","2016-10-18T16:06:59.502170","6","10","U0KA76231","U1CUW4Z7S","U0HTPM4P8","U0HTR4KRT"
"core.FoosballMatch","670aa243","2016-09-20T11:03:36.339585","5","10","U0HTQJMHN","U0HTQ6XQQ","U0J0XLJUD","U0HTJ2DK6"
"core.FoosballMatch","3fa9e4b2","2016-07-22T14:40:09.660952","8","10","U0W5T83EK","U0KCZ16LT","U0J8ETRH7","U07V0F5AS"
"core.FoosballMatch","16eaff19","2016-12-13T13:12:52.280200","10","8","U0HTQ6XQQ","U0HTPS3JS","U0HTPM4P8","U0J0XLJUD"
"core.FoosballMatch","1187003b","2016-09-06T11:16:13.545969","2","10","U0J13UGAF","U0J8ETRH7","U0KCZ16LT","U1CUW4Z7S"
"core.FoosballMatch","bcee5de0","2016-11-01T13:20:27.008487","10","8","U0HTJ2DK6","U0J0XLJUD","U0HTQJMHN","U0HTPS3JS"
"core.FoosballMatch","bd383b8a","2016-11-14T14:00:56.191036","10","6","U0HTVTLBS","U0HTJ2DK6","U0HTSHTR9","U0HTPS3JS"
"core.FoosballMatch","ef0256b7","2016-09-02T16:44:59.941469","1","10","U0J0XLJUD","U0HTQJMHN","U0KCZ16LT","U0J13UGAF"
"core.FoosballMatch","de31d7f5","2016-08-26T17:56:43.105486","10","6","U0HTRQ5HQ","U0HTVTLBS","U0HTPM4P8","U0HTQ6XQQ"
"core.FoosballMatch","bf664ceb","2016-11-09T17:21:44.953848","10","5","U0HTQJMHN","U0HTQ6XQQ","U0HTPM4P8","U0HTR4KRT"
"core.FoosballMatch","621b156b","2016-09-02T16:47:35.851566","10","9","U0J13UGAF","U1CUW4Z7S","U0KCZ16LT","U0J8ETRH7"
"core.FoosballMatch","af716120","2016-10-03T16:58:26.235067","10","9","U0KA76231","U1CUW4Z7S","U0JBNHJ3X","U0HTRQ5HQ"
"core.FoosballMatch","bc1cf4df","2016-09-06T11:16:08.161916","10","6","U0J13UGAF","U0J8ETRH7","U0KCZ16LT","U1CUW4Z7S"
"core.FoosballMatch","ba59944e","2016-11-24T15:57:25.438770","8","10","U0HTQJMHN","U0HTJ2DK6","U0HTVEJKC","U0KCZ16LT"
"core.FoosballMatch","13e25523","2016-07-19T10:15:48.145151","10","9","U0HTVTLBS","U0JBNHJ3X","U0J8ETRH7","U17V6C5K6"
"core.FoosballMatch","109b48a9","2016-12-01T12:54:21.080289","4","10","U0HTVEJKC","U0J0XLJUD","U0HTPM4P8","U0HTVTLBS"
"core.FoosballMatch","896eb935","2016-08-08T17:41:15.781161","10","2","U0HTQJMHN","U0HTVEJKC","U0J0XLJUD","U0HTQ6XQQ"
"core.FoosballMatch","2a4158fb","2016-12-13T12:38:40.172556","1","10","U0JBNHJ3X","U0KA76231","U0HTSHTR9","U0J8ETRH7"
"core.FoosballMatch","501badcb","2016-10-03T14:18:07.092469","10","8","U0KA76231","U1CUW4Z7S","U0J8ETRH7","U0JBNHJ3X"
"core.FoosballMatch","71e20f88","2016-10-03T12:34:33.784579","6","10","U17V6C5K6","U0J0XLJUD","U0HTVTLBS","U0JBNHJ3X"
"core.FoosballMatch","3035d4f1","2016-12-23T10:28:27.218034","10","7","U0HTPS3JS","U0KCZ16LT","U0HTSHTR9","U0HTVEJKC"
"core.FoosballMatch","d5918f56","2016-08-04T16:53:05.711994","7","10","U0JBNHJ3X","U17V6C5K6","U0W5T83EK","U0J13UGAF"
"core.FoosballMatch","ceab0ccb","2016-12-05T16:46:25.777882","10","7","U0HTPM4P8","U0J0XLJUD","U0HTVEJKC","U0HTJ2DK6"
"core.FoosballMatch","d2450480","2016-07-15T17:36:28.862302","10","7","U0HTQ6XQQ","U1CUW4Z7S","U0HTQJMHN","U0HTVTLBS"
"core.FoosballMatch","74c7f1ce","2016-11-18T18:12:44.745665","10","5","U0JBNHJ3X","U0HTQ6XQQ","U0HTPM4P8","U0J8ETRH7"
"core.FoosballMatch","b6ed35db","2016-10-11T16:41:19.228516","7","10","U0HTSHTR9","U0JBNHJ3X","U0J8ETRH7","U0HTVTLBS"
"core.FoosballMatch","a636b26b","2016-07-25T15:09:41.199722","10","3","U0HTQJMHN","U0HTPS3JS","U0J8ETRH7","U0JBNHJ3X"
"core.FoosballMatch","c78400d1","2016-08-10T15:30:46.201788","10","7","U0KA76231","U0HTPM4P8","U0J13UGAF","U0J8ETRH7"
"core.FoosballMatch","1d1d6227","2016-09-16T10:56:00.613664","7","10","U0KA76231","U0J8ETRH7","U1CUW4Z7S","U0JBNHJ3X"
"core.FoosballMatch","672246fc","2016-09-12T17:14:19.046251","10","8","U0JBNHJ3X","U0HTPUK8R","U0J13UGAF","U0J8ETRH7"
"core.FoosballMatch","0dbb1dba","2016-12-05T11:34:14.715936","10","8","U0HTVTLBS","U0HTPM4P8","U0HTSHTR9","U0HTR4KRT"
"core.FoosballMatch","99becc5a","2016-12-20T13:53:48.990246","10","3","U0HTPS3JS","U0J0XLJUD","U0HTPM4P8","U0J8ETRH7"
"core.FoosballMatch","039461cc","2016-07-15T17:28:59.401872","6","10","U0HTVTLBS","U0HTQ6XQQ","U0UEK3GMR","U0JBNHJ3X"
"core.FoosballMatch","f3b58b1e","2016-10-07T11:55:03.322218","10","8","U0HTJ2DK6","U0HTVTLBS","U0HTPM4P8","U0HTSHTR9"
"core.FoosballMatch","a67c0c32","2016-12-01T16:15:33.527533","6","10","U1CUW4Z7S","U0KA76231","U0HTSHTR9","U0JBNHJ3X"
"core.FoosballMatch","a784315b","2016-07-29T12:59:52.817789","10","5","U0HTPM4P8","U0KCZ16LT","U0HTSHTR9","U0JBNHJ3X"
"core.FoosballMatch","cd0ed323","2016-08-26T17:47:44.616433","10","6","U0W5T83EK","U0HTRQ5HQ","U0HTPM4P8","U0HTQ6XQQ"
"core.FoosballMatch","48520cf9","2016-07-29T17:54:59.240585","6","10","U0JBNHJ3X","U0W5T83EK","U0J0XLJUD","U0HTJ2DK6"
"core.FoosballMatch","5c4be9c5","2016-10-12T11:44:42.378152","10","7","U0HTSHTR9","U0HTVEJKC","U0HTPM4P8","U0HTVTLBS"
"core.FoosballMatch","645241a8","2016-11-21T15:35:53.207275","8","10","U0JBNHJ3X","U1CUW4Z7S","U0KCZ16LT","U0J8ETRH7"
"core.FoosballMatch","c4f67072","2016-08-09T15:18:37.577367","10","1","U1CUW4Z7S","U17V6C5K6","U0KA76231","U0J8ETRH7"
"core.FoosballMatch","dcc5517d","2016-12-07T13:50:01.914924","10","5","U0HTVTLBS","U0JBNHJ3X","U0KA76231","U0J8ETRH7"
"core.FoosballMatch","e3daeb10","2016-12-07T10:58:25.704037","8","10","U0HTVTLBS","U0J0XLJUD","U0KCZ16LT","U0HTR4KRT"
"core.FoosballMatch","1b2b2700","2016-10-20T17:20:45.096811","10","7","U17V6C5K6","U1CUW4Z7S","U0JBNHJ3X","U0W5T83EK"
"core.FoosballMatch","c1bcd991","2016-09-28T11:26:42.093890","7","10","U0KCZ16LT","U0JBNHJ3X","U0HTVEJKC","U0HTPS3JS"
"core.FoosballMatch","8a2ac6fd","2016-11-17T17:27:10.984290","10","5","U0KA76231","U0HTPM4P8","U0JBNHJ3X","U0J8ETRH7"
"core.FoosballMatch","ae4c6b4e","2016-10-14T10:54:00.456376","8","10","U0HTJ2DK6","U0J0XLJUD","U0HTPM4P8","U0HTPS3JS"
"core.FoosballMatch","f5373b6b","2016-07-28T17:04:57.299780","7","10","U0J13UGAF","U0HTVTLBS","U0KA76231","U0HTPM4P8"
"core.FoosballMatch","ae17e4f6","2016-12-20T17:40:36.851595","10","8","U0HTPM4P8","U0J0XLJUD","U0HTVTLBS","U0KCZ16LT"
"core.FoosballMatch","111dbb45","2016-09-21T16:21:20.664854","10","4","U0JBNHJ3X","U16DF5LQH","U0KA76231","U0HTVTLBS"
"core.FoosballMatch","2742e2db","2016-10-26T16:31:47.295661","10","9","U0HTVTLBS","U0HTQ6XQQ","U0HTQJMHN","U0HTR4KRT"
"core.FoosballMatch","ce4d112e","2016-09-23T15:50:18.684959","9","10","U0KCZ16LT","U1CUW4Z7S","U0J13UGAF","U0JBNHJ3X"
"core.FoosballMatch","3557b345","2016-08-23T15:28:10.348399","10","7","U21CBD6KX","U16DF5LQH","U0HTPM4P8","U1CUW4Z7S"
"core.FoosballMatch","57dbb5d8","2016-12-06T13:09:36.960254","10","6","U0HTR4KRT","U0HTVTLBS","U0HTVEJKC","U0HTJ2DK6"
"core.FoosballMatch","303be1d1","2016-12-22T16:17:52.506847","10","9","U0HTRQ5HQ","U1CUW4Z7S","U0KCZ16LT","U0HTPS3JS"
"core.FoosballMatch","5db7cb98","2016-08-26T17:30:14.686380","9","10","U0HTRQ5HQ","U0W5T83EK","U0HTPM4P8","U0HTQJMHN"
"core.FoosballMatch","807e4242","2016-07-20T14:08:20.883440","10","9","U0KCZ16LT","U0HTRQ5HQ","U0J8ETRH7","U0JBNHJ3X"
"core.FoosballMatch","6cd2ccab","2016-11-03T17:17:57.738621","10","4","U0JBNHJ3X","U0KCZ16LT","U0HTPM4P8","U0KA76231"
"core.FoosballMatch","13ea24c6","2016-12-16T16:33:04.007149","10","5","U0HTPS3JS","U0HTVEJKC","U0HTPM4P8","U0J0XLJUD"
"core.FoosballMatch","466ce94f","2016-11-15T17:29:50.554165","10","7","U0J8ETRH7","U0HTR4KRT","U0HTSHTR9","U0JBNHJ3X"
"core.FoosballMatch","85fd7dbd","2016-08-08T17:41:08.725424","2","10","U0HTQJMHN","U0HTVEJKC","U0J0XLJUD","U0HTQ6XQQ"
"core.FoosballMatch","788dcf32","2016-12-08T16:58:26.084975","10","4","U0HTPS3JS","U0HTQ6XQQ","U0HTPM4P8","U0HTVEJKC"
"core.FoosballMatch","d64bf89b","2016-09-07T11:56:10.020353","10","9","U0J13UGAF","U0HTPS3JS","U0HTSHTR9","U0HTVTLBS"
"core.FoosballMatch","5a9924ed","2016-11-14T14:27:04.739339","7","10","U0KCZ16LT","U0HTR4KRT","U0KA76231","U0HTVTLBS"
"core.FoosballMatch","53e06971","2016-09-20T15:59:16.993154","5","10","U0KA76231","U0HTVEJKC","U0HTQJMHN","U0HTQ6XQQ"
"core.FoosballMatch","3ccae967","2016-08-19T15:15:21.114574","6","10","U0HTVTLBS","U0JBNHJ3X","U0HTSHTR9","U1CUW4Z7S"
"core.FoosballMatch","840190d7","2016-12-23T13:57:07.658343","10","7","U0KCZ16LT","U0HTSHTR9","U0HTPS3JS","U0JBNHJ3X"
"core.FoosballMatch","f73ff3fa","2016-09-22T17:28:02.898243","7","10","U0HTVEJKC","U0J0XLJUD","U0HTQJMHN","U0JBNHJ3X"
"core.FoosballMatch","4073ecb8","2016-10-19T14:56:03.323934","10","9","U0J0XLJUD","U0W5T83EK","U0HTPM4P8","U0JBNHJ3X"
"core.FoosballMatch","e9e2e402","2016-12-21T13:31:11.099222","10","9","U0HTSHTR9","U0HTPS3JS","U0HTQJMHN","U0HTR4KRT"
"core.FoosballMatch","8ab2c814","2016-09-30T11:16:32.561305","5","10","U1CUW4Z7S","U0HTVEJKC","U0KCZ16LT","U0KA76231"
"core.FoosballMatch","594dd64d","2016-12-21T11:56:42.905996","10","3","U0HTR4KRT","U0HTPM4P8","U0HTSHTR9","U0JBNHJ3X"
"core.FoosballMatch","74e3fda1","2016-12-09T17:31:14.415013","10","8","U0J8ETRH7","U0JBNHJ3X","U0KA76231","U0KCZ16LT"
"core.FoosballMatch","f7e55109","2016-12-22T16:17:34.318073","5","10","U0HTRQ5HQ","U1CUW4Z7S","U0KCZ16LT","U0HTPS3JS"
"core.FoosballMatch","744b03f9","2016-11-25T11:16:09.968128","7","10","U0HTVTLBS","U0J0XLJUD","U0HTVEJKC","U0HTJ2DK6"
"core.FoosballMatch","02da8493","2016-11-08T14:40:50.858542","9","10","U0HTVTLBS","U0HTR4KRT","U0HTSHTR9","U0HTJ2DK6"
"core.FoosballMatch","12bc1932","2016-12-09T14:55:46.315259","4","10","U0HTPS3JS","U0HTQ6XQQ","U0KA76231","U0HTVTLBS"
"core.FoosballMatch","1e709168","2016-09-22T16:17:57.825861","10","8","U1CUW4Z7S","U0KCZ16LT","U0HTVTLBS","U0JBNHJ3X"
"core.FoosballMatch","1c627f56","2016-08-02T13:31:29.736651","5","10","U0HTSHTR9","U0HTJ2DK6","U0HTQ6XQQ","U0HTVEJKC"
"core.FoosballMatch","694a4420","2016-09-27T17:41:48.930904","10","8","U1CUW4Z7S","U0KCZ16LT","U0J13UGAF","U0HTPS3JS"
"core.FoosballMatch","5fc53fe8","2016-12-15T17:49:33.613977","6","10","U0HTQJMHN","U0HTPM4P8","U0HTQ6XQQ","U0HTVEJKC"
"core.FoosballMatch","c6c8b820","2016-12-01T16:46:22.462943","10","9","U0HTJ2DK6","U0HTQJMHN","U0HTPM4P8","U0KCZ16LT"
"core.FoosballMatch","3f6a9bef","2016-08-05T12:17:47.302390","10","7","U0HTPM4P8","U0HTJ2DK6","U0JBNHJ3X","U0HTSHTR9"
"core.FoosballMatch","bcdba235","2016-08-19T10:12:06.693383","10","7","U0KCZ16LT","U0HTPM4P8","U0HTSHTR9","U0JBNHJ3X"
"core.FoosballMatch","fde54114","2016-12-20T08:26:25.160194","10","3","U0HTR4KRT","U0HTVTLBS","U0HTSHTR9","U0HTQJMHN"
"core.FoosballMatch","ab3f9b5e","2016-10-21T12:18:18.716931","4","10","U0W5T83EK","U0J8ETRH7","U1CUW4Z7S","U0J0XLJUD"
"core.FoosballMatch","5ec3d24f","2016-11-18T18:12:12.879780","9","10","U0JBNHJ3X","U0J8ETRH7","U0HTPM4P8","U0KA76231"
"core.FoosballMatch","c364e38a","2016-12-22T17:35:04.840349","10","9","U0HTVEJKC","U0J8ETRH7","U0KCZ16LT","U0JBNHJ3X"
"core.FoosballMatch","e31d5e85","2016-08-18T17:00:50.900734","4","10","U0HTQJMHN","U0JBNHJ3X","U0HTVEJKC","U0HTPM4P8"
"core.FoosballMatch","da05863f","2016-10-03T14:44:33.216779","10","7","U0HTPM4P8","U0KA76231","U0HTRQ5HQ","U0JBNHJ3X"
"core.FoosballMatch","cbec6bd7","2016-08-19T11:52:34.797972","10","7","U0HTQ6XQQ","U0HTVEJKC","U0HTVTLBS","U0HTQJMHN"
"core.FoosballMatch","6f987197","2016-12-02T12:12:32.211347","10","8","U0HTPM4P8","U0J0XLJUD","U0HTPS3JS","U0HTJ2DK6"
"core.FoosballMatch","1e6d5eac","2016-09-30T13:14:58.320973","10","5","U0KA76231","U1CUW4Z7S","U0J8ETRH7","U0J13UGAF"
"core.FoosballMatch","ec98a9fe","2016-08-26T10:18:46.017415","5","10","U0HTPM4P8","U0J8ETRH7","U0HTRQ5HQ","U0HTVTLBS"
"core.FoosballMatch","c0080ac7","2016-07-29T16:24:02.398645","10","6","U0HTPM4P8","U07V0F5AS","U0JBNHJ3X","U0J8ETRH7"
"core.FoosballMatch","148a4f6a","2016-10-05T14:43:52.748795","1","10","U0J8ETRH7","U0JBNHJ3X","U0HTPM4P8","U1CUW4Z7S"
"core.FoosballMatch","31a3e13b","2016-10-18T14:43:09.845502","10","7","U0HTJ2DK6","U0HTVEJKC","U0HTVTLBS","U0HTPM4P8"
"core.FoosballMatch","6b7db1a1","2016-07-22T11:03:13.358324","3","10","U0J8ETRH7","U0JBNHJ3X","U0J13UGAF","U0HTRQ5HQ"
"core.FoosballMatch","e407222f","2016-08-16T16:47:28.293091","9","10","U0HTVTLBS","U0HTPM4P8","U0HTSHTR9","U0J0XLJUD"
"core.FoosballMatch","eb0438a2","2016-10-20T14:49:25.649906","0","10","U0HTVEJKC","U0J8ETRH7","U0JBNHJ3X","U0KCZ16LT"
"core.FoosballMatch","317d2484","2016-11-02T11:53:18.023419","6","10","U0JBNHJ3X","U0J0XLJUD","U0HTSHTR9","U0J8ETRH7"
"core.FoosballMatch","af11eade","2016-09-13T17:15:20.763360","10","9","U0JBNHJ3X","U1CUW4Z7S","U0KA76231","U0KCZ16LT"
"core.FoosballMatch","5d3fb748","2016-12-12T17:43:52.949692","10","8","U0KCZ16LT","U0HTVTLBS","U0HTQJMHN","U0HTQ6XQQ"
"core.FoosballMatch","75b82b3c","2016-09-12T12:02:00.461879","8","10","U0J8ETRH7","U0KA76231","U0J13UGAF","U0JBNHJ3X"
"core.FoosballMatch","530c98c8","2016-11-10T14:55:34.988350","10","5","U0HTPUK8R","U0KCZ16LT","U0HTPM4P8","U2SDVEFL0"
"core.FoosballMatch","fb2c356e","2016-08-26T10:19:10.815136","5","10","U0HTPM4P8","U0J8ETRH7","U0HTRQ5HQ","U0HTVTLBS"
"core.FoosballMatch","c3e7ff7c","2016-07-27T11:44:26.946593","10","7","U0HTVTLBS","U0HTPS3JS","U0HTVEJKC","U0HTSHTR9"
"core.FoosballMatch","6c9dd8f2","2016-11-01T13:44:06.184439","10","6","U0HTR4KRT","U0HTPM4P8","U0HTQJMHN","U0HTSHTR9"
"core.FoosballMatch","fd42c977","2016-12-05T14:28:57.494530","10","6","U0HTVTLBS","U0J0XLJUD","U0HTQJMHN","U0HTR4KRT"
"core.FoosballMatch","1df3e7dd","2016-12-02T14:26:53.438965","10","3","U0HTPM4P8","U0HTPS3JS","U0HTSHTR9","U0HTVEJKC"
"core.FoosballMatch","74d1b66c","2016-11-02T16:10:51.832009","10","4","U0HTVTLBS","U0HTR4KRT","U0HTPM4P8","U0HTSHTR9"
"core.FoosballMatch","a328dcaf","2016-07-18T11:36:10.577414","10","3","U0HTVTLBS","U0JBNHJ3X","U0KA76231","U17V6C5K6"
"core.FoosballMatch","a6bcfbac","2016-07-20T15:33:34.992573","5","10","U0HTJ2DK6","U0J8ETRH7","U0J13UGAF","U0JBNHJ3X"
"core.FoosballMatch","a1deff2f","2016-08-26T16:52:24.059172","10","9","U0W5T83EK","U17V6C5K6","U0HTRQ5HQ","U1CUW4Z7S"
"core.FoosballMatch","e108b9c4","2016-11-29T11:51:51.409396","10","8","U0JBNHJ3X","U0KCZ16LT","U0KA76231","U1CUW4Z7S"
"core.FoosballMatch","1f290515","2016-11-30T12:20:53.414047","10","8","U0HTR4KRT","U0J0XLJUD","U0JBNHJ3X","U0KCZ16LT"
"core.FoosballMatch","95b14538","2016-09-14T12:13:01.650510","10","8","U0HTQ6XQQ","U0HTJ2DK6","U0HTSHTR9","U0KA76231"
"core.FoosballMatch","4e9bb809","2016-11-09T13:43:52.988656","8","10","U0HTR4KRT","U0J8ETRH7","U1CUW4Z7S","U0HTPM4P8"
"core.FoosballMatch","608e97b5","2016-12-02T17:21:32.957885","10","1","U1CUW4Z7S","U0HTSHTR9","U0HTPM4P8","U0KA76231"
"core.FoosballMatch","a57ff06d","2016-08-19T14:31:01.113045","5","10","U0HTPM4P8","U0J8ETRH7","U07V0F5AS","U0JBNHJ3X"
"core.FoosballMatch","32d705df","2016-11-15T14:25:33.463671","8","10","U0KA76231","U0HTPM4P8","U0JBNHJ3X","U0HTVTLBS"
"core.FoosballMatch","0ae7550e","2016-08-30T16:07:45.622255","4","10","U0J13UGAF","U0J8ETRH7","U0HTPUK8R","U1CUW4Z7S"
"core.FoosballMatch","f5153023","2016-10-25T16:31:27.819861","5","10","U0J8ETRH7","U0HTVEJKC","U0JBNHJ3X","U0KA76231"
"core.FoosballMatch","00ddc580","2016-11-01T17:30:09.302058","10","9","U0J8ETRH7","U0HTPM4P8","U0HTQJMHN","U0HTVTLBS"
"core.FoosballMatch","80a2190b","2016-12-02T16:57:15.742972","10","7","U0KCZ16LT","U0HTRQ5HQ","U0JBNHJ3X","U0J8ETRH7"
"core.FoosballMatch","df441499","2016-12-15T14:14:55.035432","10","3","U0HTR4KRT","U0HTPS3JS","U0HTQJMHN","U0HTSHTR9"
"core.FoosballMatch","a96e0d08","2016-12-09T18:55:41.636360","7","10","U0J0XLJUD","U0HTQ6XQQ","U0HTVTLBS","U0HTQJMHN"
"core.FoosballMatch","6a87d710","2016-10-04T11:20:19.783808","1","10","U0KA76231","U0HTVTLBS","U0HTSHTR9","U0JBNHJ3X"
"core.FoosballMatch","64e4ea9e","2016-12-13T16:03:32.416848","9","10","U0JBNHJ3X","U0HTQJMHN","U0HTPM4P8","U0HTVTLBS"
"core.FoosballMatch","55050df1","2016-08-22T14:58:01.739653","10","6","U0HTQJMHN","U0HTPS3JS","U0JBNHJ3X","U0HTVTLBS"
"core.FoosballMatch","88efe684","2016-07-15T17:26:01.194677","10","4","U0HTVTLBS","U0HTQ6XQQ","U0JBNHJ3X","U16DF5LQH"
"core.FoosballMatch","e26488a6","2016-12-02T16:27:35.006374","7","10","U0HTVEJKC","U0J0XLJUD","U0HTJ2DK6","U0HTPS3JS"
"core.FoosballMatch","cebe51a2","2016-09-12T12:02:08.031414","9","10","U0J8ETRH7","U0KA76231","U0J13UGAF","U0JBNHJ3X"
"core.FoosballMatch","d6abe9dc","2016-07-22T13:18:08.746016","6","10","U0HTVTLBS","U0J0XLJUD","U0HTSHTR9","U0HTPM4P8"
"core.FoosballMatch","bbb78d4d","2016-12-20T12:50:34.414255","10","9","U0HTR4KRT","U0J0XLJUD","U0HTVEJKC","U0HTPS3JS"
"core.FoosballMatch","e4825c27","2016-10-17T16:34:52.876025","10","8","U0J13UGAF","U0KA76231","U0JBNHJ3X","U0J8ETRH7"
"core.FoosballMatch","484bc953","2016-10-04T11:19:35.112853","10","6","U0KA76231","U0HTVTLBS","U0HTSHTR9","U0JBNHJ3X"
"core.FoosballMatch","ea756eb9","2016-08-10T17:29:21.109131","10","7","U0HTSHTR9","U0J0XLJUD","U0HTQJMHN","U0HTQ6XQQ"
"core.FoosballMatch","27b658a6","2016-08-19T17:51:00.184053","10","4","U0J8ETRH7","U0HTVTLBS","U0HTQJMHN","U0HTPM4P8"
"core.FoosballMatch","d28682c7","2016-11-14T16:23:35.098004","10","4","U0JBNHJ3X","U0HTVTLBS","U0KA76231","U0KCZ16LT"
"core.FoosballMatch","567135ec","2016-09-15T13:08:31.610997","3","10","U0HTVEJKC","U0KA76231","U1CUW4Z7S","U0KCZ16LT"
"core.FoosballMatch","4f296af4","2016-08-04T12:50:57.652523","10","7","U0KA76231","U1CUW4Z7S","U0J8ETRH7","U0JBNHJ3X"
"core.FoosballMatch","959c2830","2016-08-17T16:08:25.741388","10","7","U0J8ETRH7","U0JBNHJ3X","U0HTQJMHN","U0HTVEJKC"
"core.FoosballMatch","878a2424","2016-11-03T14:21:01.678727","10","8","U0HTR4KRT","U0HTSHTR9","U0HTPS3JS","U0HTVTLBS"
"core.FoosballMatch","2ccac010","2016-08-26T11:37:04.933668","10","6","U0J8ETRH7","U0J0XLJUD","U0HTQJMHN","U0JBNHJ3X"
"core.FoosballMatch","3cce7383","2016-12-14T12:37:27.820126","9","10","U0J0XLJUD","U0HTVEJKC","U0HTPM4P8","U0HTSHTR9"
"core.FoosballMatch","017c6527","2016-11-03T14:47:26.125673","9","10","U0HTPM4P8","U0J8ETRH7","U0JBNHJ3X","U0HTR4KRT"
"core.FoosballMatch","2434811b","2016-09-09T17:19:44.829117","10","5","U0HTJ2DK6","U0HTQ6XQQ","U1CUW4Z7S","U0J8ETRH7"
"core.FoosballMatch","a0f8324c","2016-08-23T14:15:13.884650","9","10","U0JBNHJ3X","U0HTPM4P8","U0J8ETRH7","U0HTPS3JS"
"core.FoosballMatch","cbe6da2b","2016-12-02T13:57:32.294840","10","9","U0KA76231","U0J8ETRH7","U0HTPUK8R","U0JBNHJ3X"
"core.FoosballMatch","36e2ec0a","2016-11-04T16:57:25.543598","6","10","U0HTPM4P8","U0HTVTLBS","U0HTSHTR9","U0HTQJMHN"
"core.FoosballMatch","cb0bc19f","2016-11-04T15:01:07.416135","6","10","U0KA76231","U0HTPS3JS","U0HTPM4P8","U0HTJ2DK6"
"core.FoosballMatch","c0651c84","2016-12-13T18:09:50.791322","10","9","U0KA76231","U0HTPM4P8","U0JBNHJ3X","U0HTPS3JS"
"core.FoosballMatch","b7117e7a","2016-07-21T12:35:01.118133","10","9","U0HTSHTR9","U0J0XLJUD","U0HTVEJKC","U0HTQ6XQQ"
"core.FoosballMatch","a8b9859e","2016-07-29T16:24:07.208882","8","10","U0HTPM4P8","U07V0F5AS","U0JBNHJ3X","U0J8ETRH7"
"core.FoosballMatch","75a62155","2016-11-30T14:00:35.567249","10","7","U0HTR4KRT","U0HTVTLBS","U0HTSHTR9","U0HTVEJKC"
"core.FoosballMatch","3ac1fa91","2016-10-19T16:49:27.998498","4","10","U0J13UGAF","U0JBNHJ3X","U17V6C5K6","U0W5T83EK"
"core.FoosballMatch","22c82e99","2016-08-11T16:52:52.767411","10","4","U0HTQ6XQQ","U0JBNHJ3X","U0HTQJMHN","U0HTVEJKC"
"core.FoosballMatch","683fab0b","2016-12-14T13:59:08.288996","10","6","U0KA76231","U0JBNHJ3X","U0HTVTLBS","U0J8ETRH7"
"core.FoosballMatch","5307521d","2016-12-13T17:30:59.272375","10","5","U0HTPS3JS","U0HTQ6XQQ","U0HTQJMHN","U0HTSHTR9"
"core.FoosballMatch","e47f371d","2016-10-20T12:45:08.369971","9","10","U0JBNHJ3X","U0J0XLJUD","U0HTPM4P8","U1CUW4Z7S"
"core.FoosballMatch","e0fec680","2016-08-25T10:52:04.936446","10","9","U0HTPM4P8","U0HTRQ5HQ","U0J8ETRH7","U0HTPS3JS"
"core.FoosballMatch","9374aa8a","2016-08-04T17:36:15.750169","10","8","U0HTVEJKC","U0834SYHL","U0HTSHTR9","U0J0XLJUD"
"core.FoosballMatch","ba7ca452","2016-09-21T16:53:44.568998","10","9","U0KCZ16LT","U0HTVTLBS","U0JBNHJ3X","U0J13UGAF"
"core.FoosballMatch","3fc64c83","2016-07-15T11:54:51.062911","10","9","U0HTVTLBS","U0JBNHJ3X","U0HTPS3JS","U0HTPM4P8"
"core.FoosballMatch","e189ceae","2016-09-13T13:01:27.832218","5","10","U0KA76231","U0J8ETRH7","U0JBNHJ3X","U1CUW4Z7S"
"core.FoosballMatch","768824fa","2016-09-16T18:03:03.185750","10","3","U0HTPUK8R","U0J0XLJUD","U0JBNHJ3X","U0J8ETRH7"
"core.FoosballMatch","ed23fd4d","2016-11-25T15:12:06.141611","10","8","U0J8ETRH7","U0HTPUK8R","U0JNVCVRT","U0KCZ16LT"
"core.FoosballMatch","ac77131a","2016-07-12T17:03:24.012018","10","9","U0J8ETRH7","U1CUW4Z7S","U0J13UGAF","U0JBNHJ3X"
"core.FoosballMatch","87b7de9a","2016-11-16T15:38:41.128042","9","10","U0J8ETRH7","U0KCZ16LT","U0JBNHJ3X","U0HTSHTR9"
"core.FoosballMatch","1b349c77","2016-08-18T15:55:15.117545","10","9","U0J8ETRH7","U0HTSHTR9","U0HTVTLBS","U0KCZ16LT"
"core.FoosballMatch","8216607a","2016-11-30T16:24:43.860150","8","10","U0JBNHJ3X","U1CUW4Z7S","U0KA76231","U0KCZ16LT"
"core.FoosballMatch","0ae70a87","2016-08-25T10:51:51.713378","10","6","U1CUW4Z7S","U0HTRQ5HQ","U0J8ETRH7","U0HTPS3JS"
"core.FoosballMatch","50b6440f","2016-07-19T17:50:57.877993","10","6","U0HTVTLBS","U0JBNHJ3X","U0HTSHTR9","U0J0XLJUD"
"core.FoosballMatch","e5a6f7f7","2016-07-15T17:25:36.643962","10","4","U0UEK3GMR","U1CUW4Z7S","U16DF5LQH","U0JBNHJ3X"
"core.FoosballMatch","c149cdfb","2016-07-15T10:44:31.221888","10","9","U0W5T83EK","U0J8ETRH7","U0HTPM4P8","U0J13UGAF"
"core.FoosballMatch","8465f04b","2016-07-28T11:21:27.963076","8","10","U0HTQJMHN","U0HTSHTR9","U0HTQ6XQQ","U0HTVTLBS"
"core.FoosballMatch","e28ca4d6","2016-11-21T17:27:29.699990","10","9","U0KCZ16LT","U0HTJ2DK6","U0HTSHTR9","U0JBNHJ3X"
"core.FoosballMatch","9b458a9c","2016-08-26T15:06:38.269582","10","4","U1CUW4Z7S","U0HTRQ5HQ","U0JBNHJ3X","U0J8ETRH7"
"core.FoosballMatch","81022a37","2016-08-05T17:17:00.516238","0","10","U0HTPM4P8","U0J0XLJUD","U0834SYHL","U0J8ETRH7"
"core.FoosballMatch","e8ff5137","2016-12-21T17:30:14.709141","10","8","U0J8ETRH7","U0HTPS3JS","U0JBNHJ3X","U0HTR4KRT"
"core.FoosballMatch","78aac2d0","2016-08-26T12:56:39.824284","10","1","U0J0XLJUD","U0HTVTLBS","U0HTQJMHN","U0HTQ6XQQ"
"core.FoosballMatch","263b0a6c","2016-11-15T15:26:45.647757","10","9","U0J8ETRH7","U0KCZ16LT","U0HTVTLBS","U1CUW4Z7S"
"core.FoosballMatch","ae3a0a8e","2016-12-05T18:08:30.675120","7","10","U0JBNHJ3X","U0J0XLJUD","U0J8ETRH7","U0KA76231"
"core.FoosballMatch","936a244d","2016-12-20T13:00:31.851324","10","7","U0HTVTLBS","U0HTQJMHN","U0HTSHTR9","U0HTPM4P8"
"core.FoosballMatch","8351cc1e","2016-11-23T18:10:12.532328","8","10","U0HTJ2DK6","U0HTQ6XQQ","U0HTVTLBS","U0HTR4KRT"
"core.FoosballMatch","35d71198","2016-12-13T17:31:04.776507","10","2","U0HTPS3JS","U0HTQ6XQQ","U0HTQJMHN","U0HTSHTR9"
"core.FoosballMatch","76a54873","2016-12-20T08:25:57.800175","10","3","U0HTR4KRT","U0HTVTLBS","U0HTSHTR9","U0HTQJMHN"
"core.FoosballMatch","66f2781a","2016-12-05T18:10:18.555045","10","2","U0JBNHJ3X","U0J0XLJUD","U0J8ETRH7","U0KA76231"
"core.FoosballMatch","5c269347","2016-10-12T16:37:04.351903","10","7","U0JBNHJ3X","U0J0XLJUD","U0HTSHTR9","U0KA76231"
"core.FoosballMatch","d5b238a2","2016-11-24T14:40:35.851938","9","10","U0HTSHTR9","U0HTVEJKC","U0HTJ2DK6","U0KA76231"
"core.FoosballMatch","4bd83ce4","2016-12-20T17:10:37.279255","10","8","U0HTVEJKC","U0HTVTLBS","U0HTPM4P8","U0HTR4KRT"
"core.FoosballMatch","6fa905e9","2016-09-07T15:14:10.221307","7","10","U0HTPS3JS","U0HTPUK8R","U0HTVEJKC","U0HTSHTR9"
"core.FoosballMatch","fcd4a310","2016-12-14T16:21:15.722280","10","3","U0JBNHJ3X","U0J8ETRH7","U0HTQJMHN","U0KA76231"
"core.FoosballMatch","fe1cb281","2016-10-06T15:30:20.734093","7","10","U1CUW4Z7S","U0KA76231","U0JBNHJ3X","U0J8ETRH7"
"core.FoosballMatch","a7191d6d","2016-09-30T12:48:26.242968","10","6","U0J13UGAF","U0J0XLJUD","U0HTSHTR9","U0HTVTLBS"
"core.FoosballMatch","1a2ba718","2016-07-27T16:02:53.481645","9","10","U0J13UGAF","U0J8ETRH7","U0JNVCVRT","U0JBNHJ3X"
"core.FoosballMatch","42d78bce","2016-12-20T16:07:57.527432","10","8","U0HTVTLBS","U0KCZ16LT","U1CUW4Z7S","U0J8ETRH7"
"core.FoosballMatch","c1422886","2016-11-24T15:44:04.230107","6","10","U0HTVTLBS","U0HTRQ5HQ","U0HTPM4P8","U0HTR4KRT"
"core.FoosballMatch","a35e9282","2016-12-06T12:54:07.466445","8","10","U0HTJ2DK6","U0J0XLJUD","U0HTVTLBS","U0HTR4KRT"
"core.FoosballMatch","bce8c73e","2016-10-12T15:26:43.210607","10","9","U1CUW4Z7S","U0HTR4KRT","U0HTPM4P8","U0KA76231"
"core.FoosballMatch","67eca982","2016-09-23T12:16:51.671772","8","10","U0JBNHJ3X","U1CUW4Z7S","U0J0XLJUD","U0HTJ2DK6"
"core.FoosballMatch","74c0b01a","2016-09-14T12:57:45.684695","10","9","U0JBNHJ3X","U0HTVTLBS","U0KA76231","U1CUW4Z7S"
"core.FoosballMatch","3ef88a4a","2016-07-21T09:13:18.569263","4","10","U0HTQ6XQQ","U0HTVEJKC","U0JBNHJ3X","U0HTSHTR9"
"core.FoosballMatch","f6f40aa7","2016-08-30T17:07:09.531398","10","9","U0J13UGAF","U0HTQJMHN","U0HTPM4P8","U0KCZ16LT"
"core.FoosballMatch","9d9bc7fb","2016-09-01T15:23:57.887885","10","5","U0HTPUK8R","U16DF5LQH","U1CUW4Z7S","U0J13UGAF"
"core.FoosballMatch","13f936b3","2016-11-22T17:16:07.570480","10","3","U0HTVTLBS","U0HTR4KRT","U0HTSHTR9","U0HTQJMHN"
"core.FoosballMatch","f3785eb1","2016-11-29T17:37:39.892302","8","10","U1CUW4Z7S","U0J8ETRH7","U0KA76231","U0KCZ16LT"
"core.FoosballMatch","89950c83","2016-12-06T16:34:14.252790","9","10","U0KA76231","U0HTR4KRT","U0W5T83EK","U0J8ETRH7"
"core.FoosballMatch","1eb6b444","2016-09-28T11:26:32.528599","4","10","U0KCZ16LT","U0JBNHJ3X","U0HTVEJKC","U0HTPS3JS"
"core.FoosballMatch","9e2c45a4","2016-12-12T15:16:44.921678","10","3","U0HTVTLBS","U0HTR4KRT","U0J0XLJUD","U0KA76231"
"core.FoosballMatch","c4c527b6","2016-11-22T16:35:47.464686","8","10","U0HTVTLBS","U0J8ETRH7","U0J13UGAF","U0KA76231"
"core.FoosballMatch","4498400b","2016-08-26T10:40:01.472439","7","10","U0HTVTLBS","U0JBNHJ3X","U0JNVCVRT","U1CUW4Z7S"
"core.FoosballMatch","a6661a42","2016-09-13T17:25:37.575400","10","3","U0HTJ2DK6","U0HTQ6XQQ","U0HTQJMHN","U0HTVTLBS"
"core.FoosballMatch","32761d37","2016-07-20T17:48:32.685399","10","6","U0J13UGAF","U0J0XLJUD","U0HTQJMHN","U0HTRQ5HQ"
"core.FoosballMatch","3e57c11e","2016-12-12T16:49:35.320724","10","7","U0JBNHJ3X","U0J8ETRH7","U0KCZ16LT","U0KA76231"
"core.FoosballMatch","c8cf95fc","2016-12-01T18:28:43.918047","10","5","U0HTQ6XQQ","U0J0XLJUD","U0HTJ2DK6","U0HTQJMHN"
"core.FoosballMatch","43be5ca3","2016-10-12T10:27:28.042114","10","2","U0KCZ16LT","U0HTJ2DK6","U0HTSHTR9","U0HTVTLBS"
"core.FoosballMatch","884a4030","2016-09-14T17:28:19.125700","10","7","U0KA76231","U0KCZ16LT","U0JBNHJ3X","U0HTVTLBS"
"core.FoosballMatch","fd3be549","2016-08-19T13:39:35.107181","10","4","U0HTVEJKC","U0HTPM4P8","U0HTSHTR9","U0HTQJMHN"
"core.FoosballMatch","13dc6d69","2016-12-13T14:23:13.364506","10","4","U0HTVTLBS","U0HTR4KRT","U0HTPS3JS","U0KA76231"
"core.FoosballMatch","9db687fe","2016-11-02T13:07:09.162140","2","10","U0HTR4KRT","U0J0XLJUD","U0HTVTLBS","U0HTQ6XQQ"
"core.FoosballMatch","202f63f4","2016-10-11T14:20:42.260666","6","10","U0HTJ2DK6","U0HTVEJKC","U0HTVTLBS","U0HTR4KRT"
"core.FoosballMatch","4b128f9e","2016-07-29T14:49:50.438910","4","10","U0HTVTLBS","U0JBNHJ3X","U0J0XLJUD","U0HTSHTR9"
"core.FoosballMatch","5c317fb5","2016-09-28T16:53:31.764993","8","10","U0HTJ2DK6","U0J0XLJUD","U0KA76231","U0HTVTLBS"
"core.FoosballMatch","e7464794","2016-12-14T16:52:01.286890","10","7","U0HTQ6XQQ","U0J0XLJUD","U0HTPM4P8","U0HTSHTR9"
"core.FoosballMatch","9729ad56","2016-11-16T17:25:16.764526","6","10","U1CUW4Z7S","U0KCZ16LT","U0JBNHJ3X","U0HTSHTR9"
"core.FoosballMatch","f083dc66","2016-10-25T13:11:11.538340","10","5","U0HTVTLBS","U0HTSHTR9","U0HTPM4P8","U0HTR4KRT"
"core.FoosballMatch","4b0580af","2016-08-02T15:11:08.400612","5","10","U0JBNHJ3X","U07V0F5AS","U17V6C5K6","U0JB5HB46"
"core.FoosballMatch","8efc0315","2016-12-15T14:14:57.859466","10","6","U0HTR4KRT","U0HTPS3JS","U0HTQJMHN","U0HTSHTR9"
